{"title":"London/South Bank","name":"George Inn","alt":null,"address":"77 Borough High St, SE1 1NH","directions":"tube: London Bridge","phone":"+44 20 7407-2056","tollfree":null,"email":"georgeinn@nationaltrust.org.uk","url":"http://www.nationaltrust.org.uk/george-inn/","hours":null,"image":"https://en.wikivoyage.org/wiki/File:The George Inn 1.jpg","price":null,"content":"The current Inn was built in 1676 after the original establishment was burned down in the Great London fire of 1666. The George is London's only surviving galleried coaching inn, and is one of the oldest pubs south of the Thames. | image=The George Inn 1.jpg","geo":{"lat":51.5042,"lon":-0.09,"accuracy":"ROOFTOP"},"activity":"drink","type":"landmark","id":16337,"country":"United Kingdom","city":"London","state":null,"image_direct_url":"https://upload.wikimedia.org/wikipedia/commons/1/1c/The_George_Inn_1.jpg"}