{"title":"Los Angeles/West","name":"Habayit","alt":"Kosher","address":"11921 West Pico Blvd","directions":null,"phone":"+1 310 479-7173","tollfree":null,"email":null,"url":"http://www.habayitrestaurant.com","hours":null,"image":null,"price":"$10","content":"The only kosher restaurant on the Westside. Serving delicious, homemade American-Israeli cuisine for to-go or delivery.","geo":{"lat":34.03026,"lon":-118.44862,"accuracy":"RANGE_INTERPOLATED"},"activity":"eat","type":"landmark","id":16668,"country":"United States","city":"Los Angeles","state":"California"}