{"title":"San Francisco/Mission","name":"Popo's Pizza","alt":null,"address":"3331 24th St","directions":"between Mission and Valencia St","phone":"+1 415 550-7676","tollfree":null,"email":null,"url":"http://www.popospizza.com","hours":null,"image":null,"price":null,"content":"Everything is made from scratch. Unique varieties including Mango Prosciutto, BBQ Pesto Pizza & Ham & Smoked Gouda Goodness.","geo":{"lat":37.752,"lon":-122.4192,"accuracy":"RANGE_INTERPOLATED"},"activity":"eat","type":"landmark","id":25891,"country":"United States","city":"San Francisco","state":"California"}