{"title":"Edinburgh/New Town","name":"St Andrew's & St George's West Church","alt":null,"address":"13 George Street","directions":"east end of George Street","phone":"+44 131 225 3847","tollfree":null,"email":"info@stagw.org.uk","url":"http://www.stagw.org.uk/","hours":"10:00 - 14:00","image":null,"price":"Free","content":"Completed in 1784, the parish church of the New Town. Protected as a category A listed building, the Church has an unusual elliptical design - the first in Britain - with an ornate ceiling blending Roman, Pompeian and Scottish elements. The steeple holds Scotland's oldest complete peal of bells, cast in 1788. Early 20th century stained glass. Undercroft café. Extensive programme during Edinburgh Festival Fringe, and major booksale for Christian Aid each May.","geo":{"lat":55.95407,"lon":-3.19584,"accuracy":"APPROXIMATE"},"activity":"see","type":"landmark","id":8583,"country":"United Kingdom","city":"Edinburgh","state":null}