{"title":"London/Islington","name":"Get Stuffed","alt":null,"address":"105 Essex Rd, N1 2SL","directions":"tube: Angel; rail: Essex Road","phone":"+44 20 7226-1364","tollfree":null,"email":"taxidermy@thegetstuffed.co.uk","url":"http://www.thegetstuffed.co.uk/","hours":"Open by appointment","image":null,"price":null,"content":"Taxidermy shop offering a stock of stuffed animals and bones, for an unusal purchase, as well as service for preparing your own specimens.","geo":{"lat":51.5388,"lon":-0.099,"accuracy":"RANGE_INTERPOLATED"},"activity":"buy","type":"landmark","id":16252,"country":"United Kingdom","city":"London","state":null}