{"title":"San Francisco/Civic Center-Tenderloin","name":"Joey's Laundry","alt":null,"address":"517 O'Farrell St","directions":"between Jones St and Leavenworth St","phone":"+1 415 567-4401","tollfree":null,"email":null,"url":null,"hours":"6AM-9PM","image":null,"price":"$4-10","content":"What is a laundry doing under 'Eat'? Joey's serves Mitchell's Ice Cream, widely recognized as the best in the Bay Area. If you're bored with chocolate, strawberry, and vanilla, try the green tea or macapuno ice creams. For the launderer seeking more solid sustenance &mdash; or if you get hungry while using their internet access ($7.50 per hour) &mdash; there are breakfast pastries, pizza slices, and coffee.","geo":{"lat":37.7859,"lon":-122.4135,"accuracy":"ROOFTOP"},"activity":"eat","type":"landmark","id":25547,"country":"United States","city":"San Francisco","state":"California"}