{"title":"San Francisco/Fisherman's Wharf","name":"No. 9 Fisherman's Grotto","alt":null,"address":"2847 Taylor St","directions":"Taylor St and Jefferson St","phone":"+1 415 673-7025","tollfree":null,"email":"reservations@fishermansgrotto.com","url":"http://www.fishermensgrotto.com/","hours":"Su-F 10AM-10PM, Sa 10AM-11PM","image":null,"price":"$14-$49","content":"On the side of the plaza, this restaurant is an old favorite. The small ground floor room has a warm Venetian inspired ambiance; the upstairs is larger and more modern. Its windows overlook the fishing boats.","geo":{"lat":37.809,"lon":-122.4161,"accuracy":"ROOFTOP"},"activity":"eat","type":"landmark","id":25655,"country":"United States","city":"San Francisco","state":"California"}