{"title":"London/Westminster","name":"The Jewel Tower","alt":null,"address":"Abingdon Street, SW1P 3JX","directions":"Opposite the Houses of Parliament","phone":"+44 20 7222-2219","tollfree":null,"email":null,"url":"http://www.english-heritage.org.uk/daysout/properties/jewel-tower/","hours":null,"image":null,"price":"adults £3.90, children £2.30, concessions £3.50","content":"This small tower across the road from the Houses of Parliament is the only part of the original Palace of Westminster still standing. While it is overshadowed in splendour by the surrounding buildings, it's well worth a visit, and has good displays about the early history of Westminster.","geo":{"lat":51.4986,"lon":-0.12654,"accuracy":"ROOFTOP"},"activity":"see","type":"landmark","id":16469,"country":"United Kingdom","city":"London","state":null}