{"title":"San Francisco/SoMa","name":"Podesta Baldocchi","alt":null,"address":"1 Saint Francis Place","directions":"of 3rd St between Harrison St and Folsom St","phone":"+1 415 346-1300","tollfree":null,"email":null,"url":"http://www.podestabaldocchi.com/","hours":"M-F 7:30AM-5PM, Sa 8AM-2PM","image":null,"price":null,"content":"A charming and long-standing floral shop.","geo":{"lat":37.7834,"lon":-122.3975,"accuracy":"RANGE_INTERPOLATED"},"activity":"buy","type":"landmark","id":25991,"country":"United States","city":"San Francisco","state":"California"}