{"title":"London/City of London","name":"St Bride Printing Library","alt":null,"address":"Bride Ln, EC4Y 8EE","directions":null,"phone":"+44 20 7353-4660","tollfree":null,"email":null,"url":"http://www.stbride.org","hours":"Tu noon-5:30PM, W noon-9PM, Th noon-5:30PM","image":null,"price":null,"content":"This specialist small library houses an impressive range of books on graphic design, typography, bookbinding and papermaking. The books cannot be borrowed but can be photocopied or photographed (with permission). An essential visit for any graphic design student.","geo":{"lat":51.5138,"lon":-0.1054,"accuracy":"APPROXIMATE"},"activity":"see","type":"landmark","id":16075,"country":"United Kingdom","city":"London","state":null}