{"title":"Birmingham (England)","name":"CBSO Centre","alt":null,"address":"Berkley St (off Broad St)","directions":null,"phone":"+44 121 616 6500, +44 121 780 3333 (ticket line)","tollfree":null,"email":"information@cbso.co.uk","url":"http://www.cbso.co.uk/","hours":null,"image":null,"price":"£5-12","content":"Modern rehearsal facilities for the City of Birmingham Symphony Orchestra (CBSO). Concerts usually once a week, including ''Centre Stage'' intimate chamber music.","geo":{"lat":52.4756,"lon":-1.90939,"accuracy":"RANGE_INTERPOLATED"},"activity":"do","type":"landmark","id":3538,"country":"United Kingdom","city":"Birmingham","state":null}