{"title":"Rum","name":"Kinloch Castle","alt":null,"address":"PH43 4RR","directions":"20 minute walk from the ferry terminal","phone":"+44 1687 462 037","tollfree":null,"email":null,"url":"http://www.isleofrum.com/thingstodo.php","hours":"Tours daily in summer, starting between 13:30 and 14:30","image":null,"price":"£9","content":"Incredible late Victorian castle, built as the summer home of a Lancashire textile tycoon, Sir George Bullough. The construction required 300 men, at a total cost of £250,000. Unfortunately the building is in need of renovation, but the tour is interesting,particularly the orchestrion, the plumbing, and some of the things collected on travels.","geo":{"lat":57.0134,"lon":-6.282,"accuracy":"RANGE_INTERPOLATED"},"activity":"see","type":"landmark","id":24602,"country":"United Kingdom","city":"Highland","state":null}