{"title":"Edinburgh/Old Town","name":"Usher's of Edinburgh","alt":null,"address":"32b West Nicolson Street","directions":"Right next to the Pear Tree","phone":null,"tollfree":null,"email":null,"url":"http://ushersofedinburgh.co.uk/","hours":null,"image":null,"price":null,"content":"Large changing selection of mostly keg and cask ales.","geo":{"lat":55.94462,"lon":-3.18503,"accuracy":"APPROXIMATE"},"activity":"drink","type":"landmark","id":8660,"country":"United Kingdom","city":"Edinburgh","state":null}