{"title":"San Francisco/Civic Center-Tenderloin","name":"Vertigo Bar","alt":null,"address":"1160 Polk St","directions":"at Sutter St","phone":"+1 415 674-1278","tollfree":null,"email":null,"url":null,"hours":"Tu-F 5PM-2AM, Sa 7PM-2AM","image":null,"price":null,"content":"Fun and trendy bar in the Polk Gulch. It's exotically decorated and attracts mostly partying twentysomethings looking to get enebriated on strange cocktails. They have DJs, dancin, a smoking patio, and are known for their lengthy happy hour which runs until 9PM.","geo":{"lat":37.7875,"lon":-122.4199,"accuracy":"ROOFTOP"},"activity":"drink","type":"landmark","id":25577,"country":"United States","city":"San Francisco","state":"California"}