{"title":"Newcastle upon Tyne","name":"Gateshead Millennium Bridge","alt":null,"address":null,"directions":null,"phone":null,"tollfree":null,"email":null,"url":"http://www.gateshead.gov.uk/Leisure%20and%20Culture/attractions/bridge/Home.aspx","hours":null,"image":null,"price":null,"content":"acclaimed worldwide for its physical and aesthetic beauty. Tilting times are announced regularly at the Gateshead Council web site.","geo":{"lat":54.96977,"lon":-1.59914,"accuracy":"APPROXIMATE"},"activity":"see","type":"landmark","id":20127,"country":"United Kingdom","city":"Tyne and Wear","state":null}