{"title":"Offa's Dyke Path","name":"Monnow Bridge & Gate","alt":null,"address":"Monmouth","directions":null,"phone":null,"tollfree":null,"email":null,"url":"http://www.castlewales.com/monnow.html","hours":null,"image":"https://en.wikivoyage.org/wiki/File:Monnow Bridge and Gatehouse Pub - geograph.org.uk - 234683.jpg","price":null,"content":"The only medieval fortified bridge in Britain with the gate tower in the middle of the bridge.","geo":{"lat":51.80899,"lon":-2.72004,"accuracy":"ROOFTOP"},"activity":"see","type":"landmark","id":21051,"country":"United Kingdom","city":"Monmouth","state":null,"image_direct_url":"https://upload.wikimedia.org/wikipedia/commons/a/a1/Monnow_Bridge_and_Gatehouse_Pub_-_geograph.org.uk_-_234683.jpg"}