{"title":"Death Valley National Park","name":"Badwater","alt":null,"address":null,"directions":null,"phone":null,"tollfree":null,"email":null,"url":null,"hours":null,"image":null,"price":null,"content":"At 282 feet below sea level, it's the lowest point in North America. A boardwalk and signs provide info on the local environment, and a trail leads out onto the salt flats.","geo":{"lat":36.22977,"lon":-116.76703,"accuracy":"ROOFTOP"},"activity":"see","type":"landmark","id":7366,"country":"United States","city":"Inyo County","state":"California"}