{"title":"Los Angeles/Northwest","name":"El Siete Mares Restaurante","alt":null,"address":"3131 W Sunset Blvd","directions":null,"phone":null,"tollfree":null,"email":null,"url":"http://www.boxingladiators.com/sietemarespage.htm","hours":null,"image":null,"price":null,"content":"As the names suggests, a Mexican restaurant specializing in seafood. Great ceviche tostadas. Eat in the restaurant, or outside on a patio next to their take-out stand.","geo":{"lat":34.085375,"lon":-118.274518,"accuracy":"APPROXIMATE"},"activity":"eat","type":"landmark","id":35043,"country":"United States","city":"Los Angeles","state":"California"}