{"title":"Berneray","name":"Giant MacAskill Monument","alt":null,"address":null,"directions":"This is on the south coast of Berneray; follow the machair road to the end and walk about half a mile further till you come to the monument.","phone":null,"tollfree":null,"email":null,"url":null,"hours":null,"image":null,"price":null,"content":"The most well-known is probably the site of the house where the giant '''Angus MacAskill''' was raised. Giant MacAskill, (Angus Mor MacAskill, (1825-August 8, 1863) was known as the world's largest &quot;true&quot; giant (normal proportions, no growth abnormalities), reaching a height of 7&nbsp;ft 9 in. The 1981 ''Guinness Book of World Records'' lists Angus as the tallest natural giant who ever lived, the strongest man who ever lived, and the man having the largest chest measurements of any non-obese man (80 inches). Many descendants of his family still live on the island and are noticeably tall people.","geo":{"lat":57.70383,"lon":-7.2128,"accuracy":"RANGE_INTERPOLATED"},"activity":"see","type":"landmark","id":3362,"country":"United Kingdom","city":"Na h-Eileanan an Iar","state":null}