{"title":"San Diego/Mission Beach-Pacific Beach","name":"Mr. Frostie","alt":null,"address":"1470 Garnet Avenue","directions":null,"phone":"+1 858 274-9977","tollfree":null,"email":null,"url":"http://www.mrfrosties.com/","hours":"Su-Th 10:30AM-9PM, F-Sa 10:30AM-10PM","image":null,"price":null,"content":"A Pacific Beach institution, Mr. Frostie's has been selling soft serve ice cream since 1949. The simple, no frills menu also includes sandwiches and hot dogs, but it's the dipped ice cream cones, milkshakes, sundaes, and banana splits that will make this place outlast any trendy yogurt shop.","geo":{"lat":32.79951,"lon":-117.24316,"accuracy":"RANGE_INTERPOLATED"},"activity":"eat","type":"landmark","id":25230,"country":"United States","city":"San Diego","state":"California"}