{"title":"Strathpeffer","name":"Pump Room","alt":null,"address":null,"directions":"Next to the pavilion","phone":null,"tollfree":null,"email":null,"url":null,"hours":null,"image":null,"price":null,"content":"The Pump Room houses a fascinating exhibition of Strathpeffer's spa history, as well as the Tourist Information Centre. It also has a sweetshop and gift shop.","geo":{"lat":57.58708,"lon":-4.53835,"accuracy":"APPROXIMATE"},"activity":"see","type":"landmark","id":28679,"country":"United Kingdom","city":"Strathpeffer","state":null}