{"title":"London/South Bank","name":"BFI IMAX Cinema","alt":null,"address":"1 Charlie Chaplin Walk","directions":"tube: Waterloo","phone":"+44 870 787 2525","tollfree":null,"email":null,"url":"http://www.BFI.org.uk/","hours":null,"image":null,"price":null,"content":"Set back from the riverside is the BFI IMAX, the largest cinema screen in the UK at 26 m wide, 20 m high. Shows family-friendly 3D IMAX films as well as action films which work well on the huge screen. Also hosts special all-nighters such as the Lord of the Rings Trilogy.","geo":{"lat":51.5048,"lon":-0.1136,"accuracy":"ROOFTOP"},"activity":"see","type":"landmark","id":16297,"country":"United Kingdom","city":"London","state":null}