{"title":"Redding","name":"Shasta Lanes","alt":null,"address":"11093 Black Marble Way","directions":null,"phone":"+1 530 244-5773","tollfree":null,"email":null,"url":"http://www.shastalanesredding.com/","hours":"Monday: 12 PM - 11 PM, Tuesday to Saturday: 12 PM - 12 AM, Sunday: 10 AM - 11 PM","image":null,"price":"$3.95 a game per person per game, plus $3 shoe rental per person (prices are for open play)","content":"A bowling alley.  Good place to meet locals.","geo":{"lat":40.609993,"lon":-122.369249,"accuracy":"APPROXIMATE"},"activity":"do","type":"landmark","id":23641,"country":"United States","city":"Redding","state":"California"}