{"title":"Wirksworth","name":"Derbyshire Eco Centre","alt":null,"address":null,"directions":"Approximately 1 mile/1.6 km north of Wirksworth","phone":null,"tollfree":null,"email":null,"url":"http://www.ecocentreexchange.org.uk/","hours":null,"image":null,"price":null,"content":"the county hub for courses and activities focusing on education for sustainable development. The Peak tors include a number of archeological sites.","geo":{"lat":53.095161,"lon":-1.575246,"accuracy":"ROOFTOP"},"activity":"see","type":"landmark","id":33522,"country":"United Kingdom","city":"Derbyshire","state":null}