{"title":"South Stack","name":"Holyhead Mountain Hut Circles","alt":"Ty Mawr","address":null,"directions":null,"phone":null,"tollfree":null,"email":null,"url":"http://cadw.wales.gov.uk/daysout/holyheadmountainhutcircles/?lang=en","hours":null,"image":"https://en.wikivoyage.org/wiki/File:Holyhead Hut Group. - geograph.org.uk - 1201229.jpg","price":null,"content":"Site of village dating back to Middle Stone Age, visible remains of circular Iron Age dwellings.","geo":{"lat":53.304272,"lon":-4.686051,"accuracy":"ROOFTOP"},"activity":"see","type":"landmark","id":41252,"country":"United Kingdom","city":"Isle of Anglesey","state":null,"image_direct_url":""}