{"title":"Culver City","name":"Culver City Farmer's Market","alt":null,"address":"Main St and Bagley Ave","directions":"downtown between Venice and Culver Blvds","phone":null,"tollfree":null,"email":null,"url":"https://www.culvercity.org/Business/AboutEconDev/FarmersMarket.aspx","hours":"Tu 3PM-7PM","image":null,"price":null,"content":"The market offers fresh foods, flowers, crafts, and other fare. Two hours of free parking are available in downtown garages. When you walk across the alley, you are actually moving from Los Angeles to Culver City (or vice versa).","geo":{"lat":34.02498,"lon":-118.3947,"accuracy":"RANGE_INTERPOLATED"},"activity":"do","type":"landmark","id":7029,"country":"United States","city":"Culver City","state":"California"}