{"title":"San Francisco/SoMa","name":"Metreon","alt":null,"address":"101 4th St","directions":"at Mission","phone":"+1 415 369-6000","tollfree":null,"email":null,"url":"http://shoppingmetreon.com/","hours":null,"image":null,"price":null,"content":"This Sony Entertainment-sponsored mall/entertainment complex has some interesting shops (including an entire store devoted to the Sony Playstation), a 15-screen movie theater with an IMAX screen, and a video game parlor/arcade where you can drink and play virtual bowling.  A food court on the lower level serves the convention area and is overwhelmed during lunch hours of the major conventions.","geo":{"lat":37.784,"lon":-122.4028,"accuracy":"APPROXIMATE"},"activity":"see","type":"landmark","id":25973,"country":"United States","city":"San Francisco","state":"California"}