{"title":"Hollywood","name":"Mulholland Drive","alt":null,"address":"Mulholland Drive","directions":"Hollywood Hills","phone":null,"tollfree":null,"email":null,"url":null,"hours":null,"image":null,"price":null,"content":"If you have a car, it is worth driving up to Mulholland Drive - the home of the stars. Apart from star seeking, the views across Los Angeles and San Fernando Valley are breathtaking.","geo":{"lat":34.11669,"lon":-118.34355,"accuracy":"ROOFTOP"},"activity":"do","type":"landmark","id":11762,"country":"United States","city":"Los Angeles","state":"California"}