{"id":53219,"type":"route","airline":"TO","airlineid":"airline_8745","sourceairport":"LGW","destinationairport":"ZTH","stops":0,"equipment":"73H","schedule":[{"day":0,"utc":"04:37:00","flight":"TO371"},{"day":1,"utc":"21:31:00","flight":"TO965"},{"day":1,"utc":"11:58:00","flight":"TO753"},{"day":1,"utc":"10:15:00","flight":"TO831"},{"day":1,"utc":"20:54:00","flight":"TO847"},{"day":1,"utc":"09:09:00","flight":"TO994"},{"day":2,"utc":"19:54:00","flight":"TO748"},{"day":3,"utc":"15:42:00","flight":"TO983"},{"day":3,"utc":"01:43:00","flight":"TO413"},{"day":3,"utc":"22:59:00","flight":"TO234"},{"day":3,"utc":"12:51:00","flight":"TO772"},{"day":4,"utc":"21:23:00","flight":"TO888"},{"day":4,"utc":"16:01:00","flight":"TO864"},{"day":4,"utc":"12:17:00","flight":"TO503"},{"day":4,"utc":"15:26:00","flight":"TO094"},{"day":5,"utc":"21:01:00","flight":"TO132"},{"day":5,"utc":"06:32:00","flight":"TO484"},{"day":5,"utc":"07:09:00","flight":"TO350"},{"day":5,"utc":"23:24:00","flight":"TO198"},{"day":6,"utc":"00:43:00","flight":"TO106"}],"distance":2225.411788732527}