{"id":3589,"type":"route","airline":"9E","airlineid":"airline_3976","sourceairport":"LEX","destinationairport":"ATL","stops":0,"equipment":"CRJ","schedule":[{"day":0,"utc":"20:08:00","flight":"9E342"},{"day":0,"utc":"02:22:00","flight":"9E226"},{"day":1,"utc":"15:11:00","flight":"9E304"},{"day":1,"utc":"14:47:00","flight":"9E760"},{"day":1,"utc":"19:03:00","flight":"9E538"},{"day":1,"utc":"05:18:00","flight":"9E778"},{"day":2,"utc":"07:22:00","flight":"9E470"},{"day":2,"utc":"13:38:00","flight":"9E325"},{"day":2,"utc":"19:57:00","flight":"9E904"},{"day":2,"utc":"18:54:00","flight":"9E662"},{"day":2,"utc":"10:54:00","flight":"9E702"},{"day":3,"utc":"10:43:00","flight":"9E907"},{"day":3,"utc":"14:46:00","flight":"9E588"},{"day":3,"utc":"02:58:00","flight":"9E485"},{"day":4,"utc":"10:24:00","flight":"9E408"},{"day":5,"utc":"15:43:00","flight":"9E406"},{"day":6,"utc":"23:10:00","flight":"9E967"},{"day":6,"utc":"16:04:00","flight":"9E018"},{"day":6,"utc":"10:36:00","flight":"9E526"},{"day":6,"utc":"05:29:00","flight":"9E623"}],"distance":489.4955299986904}