{"id":14103,"type":"route","airline":"B6","airlineid":"airline_3029","sourceairport":"JFK","destinationairport":"SJU","stops":0,"equipment":"320","schedule":[{"day":0,"utc":"15:52:00","flight":"B6989"},{"day":0,"utc":"16:17:00","flight":"B6153"},{"day":0,"utc":"07:49:00","flight":"B6444"},{"day":1,"utc":"19:15:00","flight":"B6516"},{"day":1,"utc":"21:55:00","flight":"B6471"},{"day":2,"utc":"22:25:00","flight":"B6172"},{"day":2,"utc":"16:06:00","flight":"B6756"},{"day":2,"utc":"00:25:00","flight":"B6275"},{"day":2,"utc":"07:11:00","flight":"B6744"},{"day":2,"utc":"17:24:00","flight":"B6076"},{"day":3,"utc":"04:22:00","flight":"B6550"},{"day":3,"utc":"12:04:00","flight":"B6865"},{"day":4,"utc":"01:15:00","flight":"B6924"},{"day":4,"utc":"21:16:00","flight":"B6763"},{"day":4,"utc":"08:23:00","flight":"B6572"},{"day":4,"utc":"02:51:00","flight":"B6519"},{"day":4,"utc":"17:03:00","flight":"B6953"},{"day":5,"utc":"20:56:00","flight":"B6778"},{"day":5,"utc":"18:20:00","flight":"B6364"},{"day":6,"utc":"09:05:00","flight":"B6278"},{"day":6,"utc":"22:02:00","flight":"B6221"},{"day":6,"utc":"15:26:00","flight":"B6109"}],"distance":2577.913944232095}