{"id":56061,"type":"route","airline":"UA","airlineid":"airline_5209","sourceairport":"CYS","destinationairport":"WRL","stops":0,"equipment":"BEH BE1","schedule":[{"day":0,"utc":"05:13:00","flight":"UA413"},{"day":1,"utc":"02:13:00","flight":"UA507"},{"day":1,"utc":"10:34:00","flight":"UA189"},{"day":2,"utc":"14:57:00","flight":"UA537"},{"day":2,"utc":"00:31:00","flight":"UA220"},{"day":2,"utc":"23:26:00","flight":"UA204"},{"day":2,"utc":"15:30:00","flight":"UA989"},{"day":2,"utc":"17:00:00","flight":"UA296"},{"day":3,"utc":"00:53:00","flight":"UA942"},{"day":4,"utc":"08:29:00","flight":"UA630"},{"day":4,"utc":"06:35:00","flight":"UA425"},{"day":5,"utc":"07:23:00","flight":"UA213"},{"day":6,"utc":"06:34:00","flight":"UA940"},{"day":6,"utc":"13:40:00","flight":"UA820"},{"day":6,"utc":"05:32:00","flight":"UA512"},{"day":6,"utc":"05:56:00","flight":"UA002"},{"day":6,"utc":"18:42:00","flight":"UA473"}],"distance":404.5688819387319}