{"id":6963,"type":"route","airline":"AA","airlineid":"airline_24","sourceairport":"YUL","destinationairport":"AMM","stops":0,"equipment":"330","schedule":[{"day":0,"utc":"22:02:00","flight":"AA907"},{"day":0,"utc":"16:44:00","flight":"AA690"},{"day":1,"utc":"07:39:00","flight":"AA049"},{"day":2,"utc":"06:46:00","flight":"AA122"},{"day":2,"utc":"08:35:00","flight":"AA802"},{"day":2,"utc":"08:19:00","flight":"AA234"},{"day":2,"utc":"03:08:00","flight":"AA502"},{"day":2,"utc":"02:01:00","flight":"AA942"},{"day":3,"utc":"02:35:00","flight":"AA526"},{"day":4,"utc":"13:16:00","flight":"AA084"},{"day":4,"utc":"16:32:00","flight":"AA077"},{"day":4,"utc":"08:16:00","flight":"AA728"},{"day":5,"utc":"07:04:00","flight":"AA860"},{"day":6,"utc":"13:17:00","flight":"AA514"},{"day":6,"utc":"10:02:00","flight":"AA720"},{"day":6,"utc":"07:11:00","flight":"AA163"},{"day":6,"utc":"13:17:00","flight":"AA024"}],"distance":8897.014591943072}