{"id":57508,"type":"route","airline":"UA","airlineid":"airline_5209","sourceairport":"PTY","destinationairport":"ORD","stops":0,"equipment":"738","schedule":[{"day":0,"utc":"12:20:00","flight":"UA165"},{"day":1,"utc":"22:40:00","flight":"UA545"},{"day":1,"utc":"13:36:00","flight":"UA801"},{"day":1,"utc":"01:12:00","flight":"UA515"},{"day":1,"utc":"08:19:00","flight":"UA531"},{"day":1,"utc":"03:59:00","flight":"UA468"},{"day":2,"utc":"06:34:00","flight":"UA956"},{"day":2,"utc":"14:29:00","flight":"UA704"},{"day":2,"utc":"05:05:00","flight":"UA600"},{"day":2,"utc":"22:43:00","flight":"UA784"},{"day":3,"utc":"07:42:00","flight":"UA481"},{"day":3,"utc":"05:15:00","flight":"UA007"},{"day":4,"utc":"15:32:00","flight":"UA559"},{"day":4,"utc":"22:03:00","flight":"UA054"},{"day":5,"utc":"14:03:00","flight":"UA714"},{"day":5,"utc":"21:57:00","flight":"UA279"},{"day":5,"utc":"19:57:00","flight":"UA557"},{"day":5,"utc":"10:45:00","flight":"UA917"},{"day":6,"utc":"08:41:00","flight":"UA145"},{"day":6,"utc":"00:56:00","flight":"UA907"},{"day":6,"utc":"09:03:00","flight":"UA714"},{"day":6,"utc":"17:42:00","flight":"UA385"},{"day":6,"utc":"12:40:00","flight":"UA354"}],"distance":3753.085159757529}