{"id":32579,"type":"route","airline":"IB","airlineid":"airline_2822","sourceairport":"LGW","destinationairport":"BGI","stops":0,"equipment":"777","schedule":[{"day":0,"utc":"01:19:00","flight":"IB773"},{"day":0,"utc":"05:19:00","flight":"IB843"},{"day":0,"utc":"11:56:00","flight":"IB160"},{"day":0,"utc":"21:44:00","flight":"IB749"},{"day":1,"utc":"23:35:00","flight":"IB920"},{"day":1,"utc":"12:18:00","flight":"IB583"},{"day":2,"utc":"14:15:00","flight":"IB297"},{"day":2,"utc":"11:12:00","flight":"IB469"},{"day":2,"utc":"20:57:00","flight":"IB553"},{"day":2,"utc":"16:23:00","flight":"IB608"},{"day":3,"utc":"15:41:00","flight":"IB493"},{"day":3,"utc":"19:52:00","flight":"IB837"},{"day":3,"utc":"02:13:00","flight":"IB401"},{"day":3,"utc":"23:43:00","flight":"IB864"},{"day":3,"utc":"00:59:00","flight":"IB984"},{"day":4,"utc":"05:46:00","flight":"IB237"},{"day":4,"utc":"11:10:00","flight":"IB679"},{"day":5,"utc":"16:39:00","flight":"IB419"},{"day":5,"utc":"17:26:00","flight":"IB591"},{"day":5,"utc":"20:08:00","flight":"IB246"},{"day":5,"utc":"21:31:00","flight":"IB627"},{"day":5,"utc":"14:32:00","flight":"IB778"},{"day":6,"utc":"01:36:00","flight":"IB010"},{"day":6,"utc":"15:17:00","flight":"IB423"}],"distance":6758.757678657455}