{"id":30238,"type":"route","airline":"GS","airlineid":"airline_690","sourceairport":"HAK","destinationairport":"TXN","stops":0,"equipment":"E90","schedule":[{"day":0,"utc":"21:53:00","flight":"GS643"},{"day":0,"utc":"11:59:00","flight":"GS095"},{"day":0,"utc":"21:33:00","flight":"GS776"},{"day":0,"utc":"01:18:00","flight":"GS183"},{"day":1,"utc":"18:00:00","flight":"GS264"},{"day":1,"utc":"20:49:00","flight":"GS864"},{"day":2,"utc":"03:03:00","flight":"GS168"},{"day":3,"utc":"07:43:00","flight":"GS192"},{"day":3,"utc":"10:17:00","flight":"GS815"},{"day":4,"utc":"10:27:00","flight":"GS091"},{"day":4,"utc":"15:09:00","flight":"GS217"},{"day":4,"utc":"12:34:00","flight":"GS909"},{"day":4,"utc":"02:20:00","flight":"GS280"},{"day":4,"utc":"09:29:00","flight":"GS202"},{"day":5,"utc":"01:56:00","flight":"GS481"},{"day":5,"utc":"06:39:00","flight":"GS996"},{"day":5,"utc":"16:36:00","flight":"GS533"},{"day":5,"utc":"20:41:00","flight":"GS700"},{"day":6,"utc":"17:37:00","flight":"GS931"},{"day":6,"utc":"23:09:00","flight":"GS471"},{"day":6,"utc":"18:17:00","flight":"GS591"},{"day":6,"utc":"11:09:00","flight":"GS839"}],"distance":1342.9534385288214}