{"id":502,"type":"route","airline":"3M","airlineid":"airline_N","sourceairport":"TPA","destinationairport":"EYW","stops":0,"equipment":"SF3","schedule":[{"day":0,"utc":"10:38:00","flight":"3M794"},{"day":1,"utc":"07:11:00","flight":"3M340"},{"day":2,"utc":"19:56:00","flight":"3M597"},{"day":2,"utc":"16:24:00","flight":"3M071"},{"day":3,"utc":"22:26:00","flight":"3M577"},{"day":4,"utc":"22:13:00","flight":"3M157"},{"day":4,"utc":"21:49:00","flight":"3M664"},{"day":4,"utc":"13:09:00","flight":"3M695"},{"day":4,"utc":"00:17:00","flight":"3M999"},{"day":5,"utc":"23:59:00","flight":"3M522"},{"day":6,"utc":"10:33:00","flight":"3M210"},{"day":6,"utc":"02:16:00","flight":"3M977"},{"day":6,"utc":"21:07:00","flight":"3M880"}],"distance":387.95962869025425}