{"id":64757,"type":"route","airline":"WS","airlineid":"airline_5416","sourceairport":"YVR","destinationairport":"KOA","stops":0,"equipment":"73H","schedule":[{"day":0,"utc":"12:11:00","flight":"WS876"},{"day":0,"utc":"08:18:00","flight":"WS155"},{"day":0,"utc":"10:42:00","flight":"WS585"},{"day":1,"utc":"18:18:00","flight":"WS536"},{"day":1,"utc":"06:39:00","flight":"WS214"},{"day":2,"utc":"23:14:00","flight":"WS648"},{"day":2,"utc":"07:22:00","flight":"WS481"},{"day":2,"utc":"23:39:00","flight":"WS813"},{"day":2,"utc":"04:15:00","flight":"WS881"},{"day":3,"utc":"01:07:00","flight":"WS041"},{"day":3,"utc":"09:31:00","flight":"WS668"},{"day":3,"utc":"01:54:00","flight":"WS052"},{"day":3,"utc":"00:43:00","flight":"WS913"},{"day":4,"utc":"06:16:00","flight":"WS659"},{"day":4,"utc":"10:22:00","flight":"WS337"},{"day":5,"utc":"06:52:00","flight":"WS556"},{"day":5,"utc":"06:28:00","flight":"WS555"},{"day":5,"utc":"12:28:00","flight":"WS748"},{"day":5,"utc":"19:32:00","flight":"WS756"},{"day":5,"utc":"01:59:00","flight":"WS943"},{"day":6,"utc":"06:37:00","flight":"WS197"},{"day":6,"utc":"05:25:00","flight":"WS598"}],"distance":4385.259458189326}