{"id":13007,"type":"route","airline":"AZ","airlineid":"airline_596","sourceairport":"ATL","destinationairport":"LAS","stops":0,"equipment":"753 757","schedule":[{"day":0,"utc":"22:44:00","flight":"AZ240"},{"day":0,"utc":"04:48:00","flight":"AZ990"},{"day":0,"utc":"21:06:00","flight":"AZ788"},{"day":0,"utc":"07:51:00","flight":"AZ293"},{"day":0,"utc":"06:43:00","flight":"AZ646"},{"day":1,"utc":"22:06:00","flight":"AZ832"},{"day":2,"utc":"14:54:00","flight":"AZ152"},{"day":3,"utc":"20:53:00","flight":"AZ593"},{"day":3,"utc":"23:39:00","flight":"AZ260"},{"day":3,"utc":"07:39:00","flight":"AZ802"},{"day":3,"utc":"15:06:00","flight":"AZ729"},{"day":3,"utc":"23:39:00","flight":"AZ367"},{"day":4,"utc":"05:23:00","flight":"AZ668"},{"day":5,"utc":"19:12:00","flight":"AZ316"},{"day":5,"utc":"11:22:00","flight":"AZ905"},{"day":5,"utc":"22:31:00","flight":"AZ215"},{"day":6,"utc":"09:58:00","flight":"AZ244"},{"day":6,"utc":"00:16:00","flight":"AZ805"},{"day":6,"utc":"00:38:00","flight":"AZ277"}],"distance":2804.8531314308652}