{"id":63790,"type":"route","airline":"WN","airlineid":"airline_4547","sourceairport":"FLL","destinationairport":"BDL","stops":0,"equipment":"73W","schedule":[{"day":0,"utc":"11:13:00","flight":"WN779"},{"day":0,"utc":"14:13:00","flight":"WN145"},{"day":0,"utc":"23:09:00","flight":"WN009"},{"day":0,"utc":"03:18:00","flight":"WN537"},{"day":0,"utc":"22:21:00","flight":"WN097"},{"day":1,"utc":"09:37:00","flight":"WN142"},{"day":1,"utc":"02:24:00","flight":"WN207"},{"day":2,"utc":"08:47:00","flight":"WN062"},{"day":2,"utc":"23:44:00","flight":"WN712"},{"day":3,"utc":"00:59:00","flight":"WN432"},{"day":3,"utc":"13:44:00","flight":"WN979"},{"day":4,"utc":"09:57:00","flight":"WN941"},{"day":4,"utc":"15:39:00","flight":"WN312"},{"day":5,"utc":"05:50:00","flight":"WN806"},{"day":6,"utc":"13:14:00","flight":"WN657"},{"day":6,"utc":"20:18:00","flight":"WN368"},{"day":6,"utc":"02:12:00","flight":"WN198"}],"distance":1891.89144219992}