{"id":30335,"type":"route","airline":"GS","airlineid":"airline_690","sourceairport":"LHW","destinationairport":"YZY","stops":0,"equipment":"ERJ","schedule":[{"day":0,"utc":"22:13:00","flight":"GS094"},{"day":0,"utc":"04:01:00","flight":"GS417"},{"day":0,"utc":"14:43:00","flight":"GS529"},{"day":0,"utc":"23:03:00","flight":"GS741"},{"day":0,"utc":"19:45:00","flight":"GS762"},{"day":1,"utc":"08:51:00","flight":"GS188"},{"day":1,"utc":"12:23:00","flight":"GS680"},{"day":2,"utc":"21:59:00","flight":"GS910"},{"day":2,"utc":"15:41:00","flight":"GS299"},{"day":2,"utc":"23:36:00","flight":"GS927"},{"day":2,"utc":"00:06:00","flight":"GS570"},{"day":3,"utc":"09:17:00","flight":"GS481"},{"day":3,"utc":"03:09:00","flight":"GS230"},{"day":3,"utc":"14:45:00","flight":"GS758"},{"day":4,"utc":"09:54:00","flight":"GS029"},{"day":4,"utc":"21:48:00","flight":"GS950"},{"day":4,"utc":"07:31:00","flight":"GS190"},{"day":4,"utc":"12:22:00","flight":"GS579"},{"day":4,"utc":"06:07:00","flight":"GS787"},{"day":5,"utc":"11:51:00","flight":"GS079"},{"day":5,"utc":"17:02:00","flight":"GS842"},{"day":5,"utc":"10:46:00","flight":"GS258"},{"day":5,"utc":"20:49:00","flight":"GS086"},{"day":5,"utc":"16:27:00","flight":"GS120"},{"day":6,"utc":"01:35:00","flight":"GS795"},{"day":6,"utc":"05:54:00","flight":"GS170"}],"distance":8924.317232448218}