{"id":7966,"type":"route","airline":"AC","airlineid":"airline_330","sourceairport":"LHR","destinationairport":"YYC","stops":0,"equipment":"333","schedule":[{"day":0,"utc":"22:27:00","flight":"AC349"},{"day":0,"utc":"13:26:00","flight":"AC171"},{"day":0,"utc":"23:49:00","flight":"AC570"},{"day":0,"utc":"16:44:00","flight":"AC677"},{"day":1,"utc":"09:39:00","flight":"AC911"},{"day":1,"utc":"09:17:00","flight":"AC652"},{"day":1,"utc":"13:17:00","flight":"AC687"},{"day":1,"utc":"18:06:00","flight":"AC597"},{"day":2,"utc":"20:26:00","flight":"AC047"},{"day":2,"utc":"16:47:00","flight":"AC803"},{"day":2,"utc":"16:46:00","flight":"AC550"},{"day":3,"utc":"09:50:00","flight":"AC934"},{"day":3,"utc":"04:56:00","flight":"AC557"},{"day":3,"utc":"04:03:00","flight":"AC182"},{"day":4,"utc":"21:49:00","flight":"AC736"},{"day":4,"utc":"20:51:00","flight":"AC836"},{"day":5,"utc":"06:24:00","flight":"AC757"},{"day":5,"utc":"01:12:00","flight":"AC020"},{"day":6,"utc":"06:40:00","flight":"AC919"}],"distance":7014.4173414917395}