{"id":57210,"type":"route","airline":"UA","airlineid":"airline_5209","sourceairport":"NBO","destinationairport":"BRU","stops":0,"equipment":"332","schedule":[{"day":0,"utc":"00:52:00","flight":"UA058"},{"day":0,"utc":"03:42:00","flight":"UA923"},{"day":0,"utc":"01:06:00","flight":"UA226"},{"day":0,"utc":"04:02:00","flight":"UA488"},{"day":0,"utc":"08:40:00","flight":"UA424"},{"day":1,"utc":"03:29:00","flight":"UA439"},{"day":1,"utc":"05:36:00","flight":"UA461"},{"day":1,"utc":"05:21:00","flight":"UA326"},{"day":1,"utc":"15:39:00","flight":"UA280"},{"day":2,"utc":"18:25:00","flight":"UA321"},{"day":2,"utc":"17:02:00","flight":"UA715"},{"day":2,"utc":"03:13:00","flight":"UA094"},{"day":3,"utc":"06:36:00","flight":"UA675"},{"day":4,"utc":"01:33:00","flight":"UA646"},{"day":5,"utc":"15:03:00","flight":"UA722"},{"day":5,"utc":"22:33:00","flight":"UA341"},{"day":5,"utc":"20:46:00","flight":"UA031"},{"day":6,"utc":"02:31:00","flight":"UA156"},{"day":6,"utc":"02:44:00","flight":"UA553"},{"day":6,"utc":"13:05:00","flight":"UA849"},{"day":6,"utc":"03:44:00","flight":"UA971"}],"distance":6566.58051252575}