{"id":14833,"type":"route","airline":"BA","airlineid":"airline_1355","sourceairport":"MRU","destinationairport":"LGW","stops":0,"equipment":"777","schedule":[{"day":0,"utc":"00:42:00","flight":"BA445"},{"day":0,"utc":"00:35:00","flight":"BA255"},{"day":0,"utc":"20:15:00","flight":"BA336"},{"day":0,"utc":"16:39:00","flight":"BA929"},{"day":1,"utc":"06:38:00","flight":"BA268"},{"day":1,"utc":"21:01:00","flight":"BA356"},{"day":1,"utc":"21:55:00","flight":"BA835"},{"day":1,"utc":"17:18:00","flight":"BA959"},{"day":1,"utc":"15:16:00","flight":"BA607"},{"day":2,"utc":"11:31:00","flight":"BA993"},{"day":2,"utc":"13:02:00","flight":"BA602"},{"day":2,"utc":"08:28:00","flight":"BA331"},{"day":3,"utc":"07:13:00","flight":"BA134"},{"day":3,"utc":"03:09:00","flight":"BA804"},{"day":3,"utc":"10:01:00","flight":"BA343"},{"day":3,"utc":"05:23:00","flight":"BA286"},{"day":4,"utc":"07:53:00","flight":"BA961"},{"day":4,"utc":"01:44:00","flight":"BA538"},{"day":4,"utc":"09:39:00","flight":"BA059"},{"day":4,"utc":"03:28:00","flight":"BA696"},{"day":5,"utc":"15:15:00","flight":"BA867"},{"day":5,"utc":"05:59:00","flight":"BA118"},{"day":6,"utc":"01:50:00","flight":"BA332"},{"day":6,"utc":"16:26:00","flight":"BA217"},{"day":6,"utc":"20:06:00","flight":"BA180"},{"day":6,"utc":"14:13:00","flight":"BA118"}],"distance":9747.7401570287}