{"id":53556,"type":"route","airline":"TOM","airlineid":"airline_5013","sourceairport":"MAN","destinationairport":"PFO","stops":0,"equipment":"75W","schedule":[{"day":0,"utc":"21:11:00","flight":"TOM746"},{"day":0,"utc":"09:40:00","flight":"TOM289"},{"day":1,"utc":"15:06:00","flight":"TOM009"},{"day":1,"utc":"07:40:00","flight":"TOM746"},{"day":2,"utc":"08:36:00","flight":"TOM640"},{"day":2,"utc":"03:05:00","flight":"TOM770"},{"day":2,"utc":"07:13:00","flight":"TOM514"},{"day":2,"utc":"07:28:00","flight":"TOM861"},{"day":3,"utc":"07:35:00","flight":"TOM125"},{"day":3,"utc":"11:39:00","flight":"TOM722"},{"day":4,"utc":"12:57:00","flight":"TOM707"},{"day":4,"utc":"23:03:00","flight":"TOM716"},{"day":4,"utc":"08:25:00","flight":"TOM746"},{"day":4,"utc":"13:29:00","flight":"TOM203"},{"day":5,"utc":"21:52:00","flight":"TOM674"},{"day":5,"utc":"08:33:00","flight":"TOM275"},{"day":5,"utc":"10:24:00","flight":"TOM839"},{"day":5,"utc":"04:58:00","flight":"TOM496"},{"day":6,"utc":"19:23:00","flight":"TOM929"}],"distance":3411.642949390004}