{"id":5642,"type":"route","airline":"AA","airlineid":"airline_24","sourceairport":"JFK","destinationairport":"SFO","stops":0,"equipment":"32B 763","schedule":[{"day":0,"utc":"19:57:00","flight":"AA138"},{"day":0,"utc":"14:10:00","flight":"AA048"},{"day":0,"utc":"07:37:00","flight":"AA338"},{"day":0,"utc":"21:53:00","flight":"AA334"},{"day":1,"utc":"02:03:00","flight":"AA254"},{"day":1,"utc":"07:59:00","flight":"AA452"},{"day":1,"utc":"13:50:00","flight":"AA114"},{"day":1,"utc":"11:09:00","flight":"AA569"},{"day":1,"utc":"12:35:00","flight":"AA824"},{"day":2,"utc":"15:27:00","flight":"AA550"},{"day":2,"utc":"00:00:00","flight":"AA771"},{"day":3,"utc":"23:54:00","flight":"AA078"},{"day":4,"utc":"20:40:00","flight":"AA302"},{"day":4,"utc":"10:31:00","flight":"AA076"},{"day":5,"utc":"09:14:00","flight":"AA834"},{"day":5,"utc":"13:41:00","flight":"AA685"},{"day":5,"utc":"02:22:00","flight":"AA598"},{"day":6,"utc":"20:25:00","flight":"AA076"},{"day":6,"utc":"13:55:00","flight":"AA105"},{"day":6,"utc":"06:02:00","flight":"AA527"},{"day":6,"utc":"17:45:00","flight":"AA945"}],"distance":4151.77720839701}