{"id":21641,"type":"route","airline":"DL","airlineid":"airline_2009","sourceairport":"RDU","destinationairport":"CVG","stops":0,"equipment":"ERJ","schedule":[{"day":0,"utc":"07:19:00","flight":"DL405"},{"day":0,"utc":"14:50:00","flight":"DL793"},{"day":1,"utc":"08:02:00","flight":"DL545"},{"day":1,"utc":"12:34:00","flight":"DL963"},{"day":1,"utc":"08:51:00","flight":"DL695"},{"day":1,"utc":"22:38:00","flight":"DL035"},{"day":2,"utc":"06:12:00","flight":"DL630"},{"day":2,"utc":"07:33:00","flight":"DL714"},{"day":2,"utc":"15:03:00","flight":"DL398"},{"day":3,"utc":"09:19:00","flight":"DL464"},{"day":4,"utc":"23:18:00","flight":"DL446"},{"day":5,"utc":"14:58:00","flight":"DL506"},{"day":5,"utc":"14:23:00","flight":"DL216"},{"day":5,"utc":"17:24:00","flight":"DL069"},{"day":5,"utc":"00:57:00","flight":"DL725"},{"day":6,"utc":"08:14:00","flight":"DL014"},{"day":6,"utc":"05:23:00","flight":"DL900"}],"distance":627.237198846674}