{"id":11755,"type":"route","airline":"AS","airlineid":"airline_439","sourceairport":"LWS","destinationairport":"SEA","stops":0,"equipment":"DH4","schedule":[{"day":0,"utc":"07:09:00","flight":"AS196"},{"day":1,"utc":"21:49:00","flight":"AS508"},{"day":1,"utc":"21:29:00","flight":"AS710"},{"day":2,"utc":"15:37:00","flight":"AS243"},{"day":3,"utc":"22:08:00","flight":"AS547"},{"day":3,"utc":"03:27:00","flight":"AS931"},{"day":3,"utc":"16:35:00","flight":"AS543"},{"day":3,"utc":"14:41:00","flight":"AS074"},{"day":3,"utc":"14:52:00","flight":"AS231"},{"day":4,"utc":"11:16:00","flight":"AS771"},{"day":5,"utc":"14:34:00","flight":"AS833"},{"day":5,"utc":"13:33:00","flight":"AS738"},{"day":6,"utc":"23:46:00","flight":"AS798"},{"day":6,"utc":"16:59:00","flight":"AS896"}],"distance":419.40173010197236}