{"id":3560,"type":"route","airline":"9E","airlineid":"airline_3976","sourceairport":"ATL","destinationairport":"AZO","stops":0,"equipment":"CRJ","schedule":[{"day":0,"utc":"00:14:00","flight":"9E528"},{"day":0,"utc":"06:26:00","flight":"9E896"},{"day":0,"utc":"16:30:00","flight":"9E800"},{"day":1,"utc":"00:13:00","flight":"9E212"},{"day":1,"utc":"18:57:00","flight":"9E318"},{"day":1,"utc":"19:24:00","flight":"9E721"},{"day":2,"utc":"15:25:00","flight":"9E702"},{"day":3,"utc":"15:33:00","flight":"9E572"},{"day":3,"utc":"20:48:00","flight":"9E979"},{"day":4,"utc":"23:51:00","flight":"9E278"},{"day":5,"utc":"00:01:00","flight":"9E549"},{"day":6,"utc":"21:51:00","flight":"9E565"}],"distance":961.1126021953128}