{"id":21754,"type":"route","airline":"DL","airlineid":"airline_2009","sourceairport":"SFO","destinationairport":"JFK","stops":0,"equipment":"752","schedule":[{"day":0,"utc":"07:10:00","flight":"DL815"},{"day":0,"utc":"23:47:00","flight":"DL132"},{"day":1,"utc":"19:33:00","flight":"DL775"},{"day":2,"utc":"02:12:00","flight":"DL901"},{"day":2,"utc":"00:43:00","flight":"DL971"},{"day":2,"utc":"07:57:00","flight":"DL265"},{"day":2,"utc":"17:46:00","flight":"DL503"},{"day":3,"utc":"02:20:00","flight":"DL156"},{"day":3,"utc":"04:39:00","flight":"DL288"},{"day":3,"utc":"11:27:00","flight":"DL197"},{"day":3,"utc":"16:52:00","flight":"DL518"},{"day":4,"utc":"15:06:00","flight":"DL154"},{"day":4,"utc":"06:59:00","flight":"DL252"},{"day":4,"utc":"18:53:00","flight":"DL260"},{"day":4,"utc":"10:38:00","flight":"DL293"},{"day":4,"utc":"21:35:00","flight":"DL623"},{"day":5,"utc":"08:11:00","flight":"DL608"},{"day":5,"utc":"04:29:00","flight":"DL229"},{"day":6,"utc":"04:52:00","flight":"DL071"},{"day":6,"utc":"11:43:00","flight":"DL927"},{"day":6,"utc":"17:52:00","flight":"DL641"}],"distance":4151.77720839701}