{"id":64599,"type":"route","airline":"WS","airlineid":"airline_5416","sourceairport":"LAS","destinationairport":"YEG","stops":0,"equipment":"73W 73H","schedule":[{"day":0,"utc":"02:17:00","flight":"WS896"},{"day":0,"utc":"05:41:00","flight":"WS305"},{"day":0,"utc":"20:26:00","flight":"WS286"},{"day":1,"utc":"14:02:00","flight":"WS415"},{"day":1,"utc":"10:29:00","flight":"WS565"},{"day":2,"utc":"07:56:00","flight":"WS589"},{"day":2,"utc":"04:26:00","flight":"WS082"},{"day":2,"utc":"03:22:00","flight":"WS701"},{"day":2,"utc":"21:10:00","flight":"WS862"},{"day":3,"utc":"15:43:00","flight":"WS680"},{"day":3,"utc":"05:44:00","flight":"WS549"},{"day":3,"utc":"01:16:00","flight":"WS862"},{"day":4,"utc":"22:17:00","flight":"WS218"},{"day":4,"utc":"06:21:00","flight":"WS212"},{"day":4,"utc":"10:54:00","flight":"WS950"},{"day":4,"utc":"12:50:00","flight":"WS445"},{"day":5,"utc":"12:38:00","flight":"WS998"},{"day":5,"utc":"13:31:00","flight":"WS916"},{"day":5,"utc":"18:22:00","flight":"WS158"},{"day":6,"utc":"12:51:00","flight":"WS466"},{"day":6,"utc":"10:04:00","flight":"WS727"},{"day":6,"utc":"04:41:00","flight":"WS856"},{"day":6,"utc":"14:30:00","flight":"WS758"},{"day":6,"utc":"14:17:00","flight":"WS997"}],"distance":1919.7593352118206}