{"id":63641,"type":"route","airline":"WN","airlineid":"airline_4547","sourceairport":"CAK","destinationairport":"LGA","stops":0,"equipment":"73W","schedule":[{"day":0,"utc":"01:17:00","flight":"WN339"},{"day":0,"utc":"02:35:00","flight":"WN204"},{"day":1,"utc":"23:11:00","flight":"WN352"},{"day":1,"utc":"04:55:00","flight":"WN487"},{"day":2,"utc":"19:05:00","flight":"WN963"},{"day":3,"utc":"10:34:00","flight":"WN059"},{"day":3,"utc":"08:25:00","flight":"WN858"},{"day":3,"utc":"16:54:00","flight":"WN521"},{"day":3,"utc":"06:13:00","flight":"WN471"},{"day":4,"utc":"12:39:00","flight":"WN139"},{"day":5,"utc":"19:55:00","flight":"WN405"},{"day":5,"utc":"18:38:00","flight":"WN332"},{"day":5,"utc":"06:51:00","flight":"WN005"},{"day":5,"utc":"16:07:00","flight":"WN937"},{"day":6,"utc":"07:34:00","flight":"WN212"},{"day":6,"utc":"02:20:00","flight":"WN025"},{"day":6,"utc":"08:27:00","flight":"WN731"},{"day":6,"utc":"10:08:00","flight":"WN879"}],"distance":636.702725370849}