{"id":24506,"type":"route","airline":"F9","airlineid":"airline_2468","sourceairport":"SJD","destinationairport":"DEN","stops":0,"equipment":"320","schedule":[{"day":0,"utc":"00:04:00","flight":"F9295"},{"day":0,"utc":"06:24:00","flight":"F9728"},{"day":0,"utc":"14:43:00","flight":"F9270"},{"day":0,"utc":"05:41:00","flight":"F9642"},{"day":1,"utc":"04:08:00","flight":"F9487"},{"day":1,"utc":"18:40:00","flight":"F9885"},{"day":1,"utc":"18:30:00","flight":"F9307"},{"day":1,"utc":"07:33:00","flight":"F9777"},{"day":2,"utc":"17:25:00","flight":"F9896"},{"day":2,"utc":"10:13:00","flight":"F9679"},{"day":2,"utc":"14:51:00","flight":"F9373"},{"day":2,"utc":"15:55:00","flight":"F9270"},{"day":3,"utc":"13:18:00","flight":"F9491"},{"day":4,"utc":"22:03:00","flight":"F9781"},{"day":4,"utc":"16:19:00","flight":"F9032"},{"day":4,"utc":"00:37:00","flight":"F9303"},{"day":4,"utc":"04:06:00","flight":"F9681"},{"day":4,"utc":"23:47:00","flight":"F9745"},{"day":5,"utc":"03:39:00","flight":"F9470"},{"day":5,"utc":"07:07:00","flight":"F9430"},{"day":5,"utc":"18:31:00","flight":"F9030"},{"day":5,"utc":"11:34:00","flight":"F9172"},{"day":5,"utc":"13:42:00","flight":"F9205"},{"day":6,"utc":"03:15:00","flight":"F9531"},{"day":6,"utc":"10:12:00","flight":"F9184"},{"day":6,"utc":"04:24:00","flight":"F9832"},{"day":6,"utc":"23:18:00","flight":"F9836"}],"distance":1917.7681188734916}