{"id":56861,"type":"route","airline":"UA","airlineid":"airline_5209","sourceairport":"IAH","destinationairport":"YUL","stops":0,"equipment":"E70","schedule":[{"day":0,"utc":"03:42:00","flight":"UA642"},{"day":0,"utc":"03:24:00","flight":"UA785"},{"day":1,"utc":"09:09:00","flight":"UA601"},{"day":1,"utc":"15:30:00","flight":"UA518"},{"day":1,"utc":"10:14:00","flight":"UA006"},{"day":2,"utc":"16:35:00","flight":"UA154"},{"day":2,"utc":"21:49:00","flight":"UA722"},{"day":2,"utc":"06:03:00","flight":"UA558"},{"day":2,"utc":"23:07:00","flight":"UA710"},{"day":3,"utc":"01:49:00","flight":"UA149"},{"day":3,"utc":"15:53:00","flight":"UA205"},{"day":3,"utc":"15:27:00","flight":"UA617"},{"day":3,"utc":"14:02:00","flight":"UA201"},{"day":4,"utc":"21:55:00","flight":"UA120"},{"day":4,"utc":"22:00:00","flight":"UA453"},{"day":4,"utc":"17:31:00","flight":"UA461"},{"day":4,"utc":"07:32:00","flight":"UA008"},{"day":5,"utc":"17:22:00","flight":"UA589"},{"day":5,"utc":"18:51:00","flight":"UA908"},{"day":5,"utc":"17:40:00","flight":"UA125"},{"day":5,"utc":"15:26:00","flight":"UA442"},{"day":6,"utc":"08:13:00","flight":"UA237"},{"day":6,"utc":"07:30:00","flight":"UA570"},{"day":6,"utc":"03:38:00","flight":"UA107"},{"day":6,"utc":"14:08:00","flight":"UA965"},{"day":6,"utc":"06:34:00","flight":"UA826"}],"distance":2548.7801020233874}