{"id":8265,"type":"route","airline":"AC","airlineid":"airline_330","sourceairport":"YVR","destinationairport":"ORD","stops":0,"equipment":"320 319 738 737","schedule":[{"day":0,"utc":"21:06:00","flight":"AC640"},{"day":1,"utc":"17:11:00","flight":"AC736"},{"day":1,"utc":"09:35:00","flight":"AC610"},{"day":1,"utc":"09:51:00","flight":"AC480"},{"day":1,"utc":"12:20:00","flight":"AC443"},{"day":1,"utc":"12:41:00","flight":"AC198"},{"day":2,"utc":"18:28:00","flight":"AC692"},{"day":2,"utc":"12:50:00","flight":"AC661"},{"day":2,"utc":"19:09:00","flight":"AC129"},{"day":2,"utc":"08:26:00","flight":"AC087"},{"day":2,"utc":"02:23:00","flight":"AC020"},{"day":3,"utc":"23:08:00","flight":"AC399"},{"day":3,"utc":"06:38:00","flight":"AC712"},{"day":3,"utc":"13:13:00","flight":"AC488"},{"day":3,"utc":"06:54:00","flight":"AC925"},{"day":3,"utc":"18:04:00","flight":"AC677"},{"day":4,"utc":"03:18:00","flight":"AC634"},{"day":4,"utc":"13:42:00","flight":"AC723"},{"day":5,"utc":"01:28:00","flight":"AC455"},{"day":5,"utc":"23:33:00","flight":"AC031"},{"day":5,"utc":"08:59:00","flight":"AC222"},{"day":6,"utc":"04:03:00","flight":"AC731"},{"day":6,"utc":"20:03:00","flight":"AC862"},{"day":6,"utc":"12:57:00","flight":"AC578"},{"day":6,"utc":"20:21:00","flight":"AC117"},{"day":6,"utc":"06:57:00","flight":"AC246"}],"distance":2831.4164346665516}