{"id":21693,"type":"route","airline":"DL","airlineid":"airline_2009","sourceairport":"SAN","destinationairport":"SEA","stops":0,"equipment":"73J 73H 734 739 73G","schedule":[{"day":0,"utc":"19:42:00","flight":"DL854"},{"day":0,"utc":"16:29:00","flight":"DL165"},{"day":0,"utc":"05:59:00","flight":"DL391"},{"day":0,"utc":"06:18:00","flight":"DL473"},{"day":1,"utc":"18:37:00","flight":"DL944"},{"day":1,"utc":"05:42:00","flight":"DL490"},{"day":1,"utc":"09:59:00","flight":"DL526"},{"day":2,"utc":"21:42:00","flight":"DL702"},{"day":3,"utc":"11:45:00","flight":"DL862"},{"day":3,"utc":"18:21:00","flight":"DL130"},{"day":3,"utc":"04:25:00","flight":"DL154"},{"day":3,"utc":"04:16:00","flight":"DL495"},{"day":4,"utc":"02:51:00","flight":"DL536"},{"day":5,"utc":"16:28:00","flight":"DL301"},{"day":6,"utc":"13:47:00","flight":"DL379"},{"day":6,"utc":"07:20:00","flight":"DL993"},{"day":6,"utc":"18:57:00","flight":"DL525"},{"day":6,"utc":"19:49:00","flight":"DL755"},{"day":6,"utc":"10:01:00","flight":"DL156"}],"distance":1692.265935860798}