{"id":10125,"type":"route","airline":"AH","airlineid":"airline_794","sourceairport":"BLJ","destinationairport":"LYS","stops":0,"equipment":"736","schedule":[{"day":0,"utc":"06:54:00","flight":"AH053"},{"day":1,"utc":"12:52:00","flight":"AH363"},{"day":2,"utc":"05:07:00","flight":"AH710"},{"day":3,"utc":"23:47:00","flight":"AH947"},{"day":3,"utc":"00:12:00","flight":"AH465"},{"day":3,"utc":"03:53:00","flight":"AH029"},{"day":4,"utc":"11:37:00","flight":"AH913"},{"day":4,"utc":"08:46:00","flight":"AH999"},{"day":4,"utc":"03:49:00","flight":"AH634"},{"day":4,"utc":"08:39:00","flight":"AH367"},{"day":5,"utc":"05:42:00","flight":"AH559"},{"day":5,"utc":"11:37:00","flight":"AH395"},{"day":6,"utc":"07:38:00","flight":"AH880"},{"day":6,"utc":"08:33:00","flight":"AH113"},{"day":6,"utc":"13:35:00","flight":"AH808"}],"distance":1113.786107411927}