{"id":56962,"type":"route","airline":"UA","airlineid":"airline_5209","sourceairport":"LAX","destinationairport":"CLE","stops":0,"equipment":"738 320 319 739","schedule":[{"day":0,"utc":"00:07:00","flight":"UA895"},{"day":0,"utc":"23:55:00","flight":"UA050"},{"day":0,"utc":"22:02:00","flight":"UA391"},{"day":0,"utc":"20:26:00","flight":"UA901"},{"day":0,"utc":"11:04:00","flight":"UA158"},{"day":1,"utc":"08:01:00","flight":"UA250"},{"day":1,"utc":"06:28:00","flight":"UA278"},{"day":2,"utc":"22:00:00","flight":"UA999"},{"day":2,"utc":"21:05:00","flight":"UA326"},{"day":2,"utc":"21:00:00","flight":"UA225"},{"day":2,"utc":"23:52:00","flight":"UA067"},{"day":2,"utc":"16:12:00","flight":"UA139"},{"day":3,"utc":"21:38:00","flight":"UA671"},{"day":3,"utc":"22:27:00","flight":"UA182"},{"day":4,"utc":"18:26:00","flight":"UA435"},{"day":4,"utc":"13:34:00","flight":"UA694"},{"day":4,"utc":"06:28:00","flight":"UA069"},{"day":4,"utc":"01:57:00","flight":"UA042"},{"day":5,"utc":"13:09:00","flight":"UA035"},{"day":5,"utc":"01:40:00","flight":"UA171"},{"day":5,"utc":"01:23:00","flight":"UA550"},{"day":5,"utc":"03:58:00","flight":"UA594"},{"day":5,"utc":"15:46:00","flight":"UA238"},{"day":6,"utc":"19:02:00","flight":"UA590"},{"day":6,"utc":"07:29:00","flight":"UA452"},{"day":6,"utc":"07:17:00","flight":"UA977"}],"distance":3296.4318352563696}