{"id":36850,"type":"route","airline":"KL","airlineid":"airline_3090","sourceairport":"ORD","destinationairport":"AMS","stops":0,"equipment":"74M","schedule":[{"day":0,"utc":"09:20:00","flight":"KL675"},{"day":1,"utc":"22:29:00","flight":"KL451"},{"day":1,"utc":"13:08:00","flight":"KL515"},{"day":2,"utc":"16:44:00","flight":"KL543"},{"day":2,"utc":"08:57:00","flight":"KL865"},{"day":2,"utc":"14:29:00","flight":"KL398"},{"day":2,"utc":"07:23:00","flight":"KL323"},{"day":3,"utc":"21:51:00","flight":"KL332"},{"day":3,"utc":"10:45:00","flight":"KL029"},{"day":3,"utc":"18:48:00","flight":"KL049"},{"day":3,"utc":"10:43:00","flight":"KL820"},{"day":4,"utc":"20:09:00","flight":"KL913"},{"day":4,"utc":"09:30:00","flight":"KL319"},{"day":5,"utc":"04:07:00","flight":"KL456"},{"day":6,"utc":"12:50:00","flight":"KL298"},{"day":6,"utc":"17:18:00","flight":"KL040"},{"day":6,"utc":"02:08:00","flight":"KL988"},{"day":6,"utc":"04:19:00","flight":"KL356"},{"day":6,"utc":"00:17:00","flight":"KL174"}],"distance":6611.8645328278935}