{"id":27054,"type":"route","airline":"FR","airlineid":"airline_4296","sourceairport":"KTW","destinationairport":"STN","stops":0,"equipment":"738","schedule":[{"day":0,"utc":"22:20:00","flight":"FR419"},{"day":0,"utc":"05:31:00","flight":"FR200"},{"day":0,"utc":"11:56:00","flight":"FR745"},{"day":1,"utc":"12:50:00","flight":"FR309"},{"day":1,"utc":"01:14:00","flight":"FR142"},{"day":2,"utc":"20:59:00","flight":"FR430"},{"day":2,"utc":"04:03:00","flight":"FR466"},{"day":2,"utc":"17:13:00","flight":"FR489"},{"day":3,"utc":"17:07:00","flight":"FR475"},{"day":3,"utc":"12:09:00","flight":"FR517"},{"day":3,"utc":"09:42:00","flight":"FR343"},{"day":4,"utc":"08:25:00","flight":"FR609"},{"day":4,"utc":"15:04:00","flight":"FR690"},{"day":5,"utc":"19:05:00","flight":"FR303"},{"day":5,"utc":"18:20:00","flight":"FR083"},{"day":5,"utc":"02:31:00","flight":"FR703"},{"day":5,"utc":"05:14:00","flight":"FR672"},{"day":6,"utc":"21:00:00","flight":"FR218"},{"day":6,"utc":"09:17:00","flight":"FR708"}],"distance":1319.1768919752162}