{"id":6379,"type":"route","airline":"AA","airlineid":"airline_24","sourceairport":"PDX","destinationairport":"LGB","stops":0,"equipment":"CR7","schedule":[{"day":0,"utc":"00:48:00","flight":"AA749"},{"day":1,"utc":"09:00:00","flight":"AA845"},{"day":1,"utc":"14:27:00","flight":"AA813"},{"day":1,"utc":"13:24:00","flight":"AA723"},{"day":1,"utc":"11:10:00","flight":"AA149"},{"day":1,"utc":"08:53:00","flight":"AA232"},{"day":2,"utc":"09:13:00","flight":"AA294"},{"day":2,"utc":"22:10:00","flight":"AA811"},{"day":2,"utc":"08:20:00","flight":"AA993"},{"day":3,"utc":"21:42:00","flight":"AA383"},{"day":3,"utc":"23:19:00","flight":"AA185"},{"day":3,"utc":"21:54:00","flight":"AA287"},{"day":3,"utc":"03:08:00","flight":"AA244"},{"day":4,"utc":"07:42:00","flight":"AA550"},{"day":4,"utc":"17:51:00","flight":"AA333"},{"day":5,"utc":"09:48:00","flight":"AA441"},{"day":5,"utc":"07:09:00","flight":"AA005"},{"day":5,"utc":"16:18:00","flight":"AA538"},{"day":5,"utc":"13:29:00","flight":"AA836"},{"day":5,"utc":"06:46:00","flight":"AA306"},{"day":6,"utc":"21:08:00","flight":"AA736"},{"day":6,"utc":"07:14:00","flight":"AA938"},{"day":6,"utc":"17:43:00","flight":"AA580"}],"distance":1362.4319572574684}