{"id":24409,"type":"route","airline":"F9","airlineid":"airline_2468","sourceairport":"DEN","destinationairport":"SJD","stops":0,"equipment":"320","schedule":[{"day":0,"utc":"06:00:00","flight":"F9600"},{"day":1,"utc":"07:08:00","flight":"F9975"},{"day":2,"utc":"11:35:00","flight":"F9619"},{"day":2,"utc":"13:18:00","flight":"F9378"},{"day":2,"utc":"14:51:00","flight":"F9326"},{"day":2,"utc":"11:30:00","flight":"F9891"},{"day":3,"utc":"07:40:00","flight":"F9465"},{"day":3,"utc":"05:03:00","flight":"F9357"},{"day":3,"utc":"21:04:00","flight":"F9638"},{"day":3,"utc":"13:59:00","flight":"F9311"},{"day":4,"utc":"00:49:00","flight":"F9811"},{"day":4,"utc":"15:47:00","flight":"F9872"},{"day":4,"utc":"20:54:00","flight":"F9207"},{"day":4,"utc":"07:39:00","flight":"F9335"},{"day":4,"utc":"03:13:00","flight":"F9321"},{"day":5,"utc":"04:31:00","flight":"F9086"},{"day":6,"utc":"18:01:00","flight":"F9479"},{"day":6,"utc":"20:58:00","flight":"F9036"},{"day":6,"utc":"00:36:00","flight":"F9923"},{"day":6,"utc":"10:50:00","flight":"F9786"}],"distance":1917.7681188734916}