{"id":56977,"type":"route","airline":"UA","airlineid":"airline_5209","sourceairport":"LAX","destinationairport":"ICT","stops":0,"equipment":"CR7","schedule":[{"day":0,"utc":"15:39:00","flight":"UA377"},{"day":0,"utc":"22:39:00","flight":"UA570"},{"day":0,"utc":"03:34:00","flight":"UA686"},{"day":1,"utc":"21:57:00","flight":"UA604"},{"day":2,"utc":"11:07:00","flight":"UA764"},{"day":2,"utc":"08:03:00","flight":"UA111"},{"day":2,"utc":"17:41:00","flight":"UA519"},{"day":3,"utc":"00:52:00","flight":"UA861"},{"day":3,"utc":"03:32:00","flight":"UA936"},{"day":3,"utc":"09:25:00","flight":"UA089"},{"day":3,"utc":"16:09:00","flight":"UA311"},{"day":3,"utc":"07:47:00","flight":"UA069"},{"day":4,"utc":"00:36:00","flight":"UA036"},{"day":4,"utc":"14:07:00","flight":"UA880"},{"day":4,"utc":"02:29:00","flight":"UA849"},{"day":5,"utc":"22:45:00","flight":"UA547"},{"day":5,"utc":"04:51:00","flight":"UA144"},{"day":5,"utc":"00:17:00","flight":"UA263"},{"day":5,"utc":"05:05:00","flight":"UA103"},{"day":5,"utc":"19:25:00","flight":"UA083"},{"day":6,"utc":"08:42:00","flight":"UA425"},{"day":6,"utc":"08:39:00","flight":"UA606"}],"distance":1931.7545594720948}