{"id":14155,"type":"route","airline":"B6","airlineid":"airline_3029","sourceairport":"MCO","destinationairport":"JFK","stops":0,"equipment":"320 E90","schedule":[{"day":0,"utc":"11:30:00","flight":"B6613"},{"day":0,"utc":"02:37:00","flight":"B6962"},{"day":0,"utc":"07:21:00","flight":"B6061"},{"day":1,"utc":"12:52:00","flight":"B6884"},{"day":1,"utc":"21:05:00","flight":"B6841"},{"day":1,"utc":"23:52:00","flight":"B6166"},{"day":1,"utc":"22:55:00","flight":"B6829"},{"day":2,"utc":"18:25:00","flight":"B6187"},{"day":2,"utc":"16:42:00","flight":"B6216"},{"day":2,"utc":"10:54:00","flight":"B6104"},{"day":3,"utc":"18:57:00","flight":"B6055"},{"day":3,"utc":"11:12:00","flight":"B6752"},{"day":4,"utc":"22:28:00","flight":"B6710"},{"day":4,"utc":"05:04:00","flight":"B6390"},{"day":4,"utc":"13:10:00","flight":"B6458"},{"day":5,"utc":"00:06:00","flight":"B6869"},{"day":5,"utc":"14:24:00","flight":"B6250"},{"day":6,"utc":"01:28:00","flight":"B6930"},{"day":6,"utc":"03:37:00","flight":"B6679"},{"day":6,"utc":"11:05:00","flight":"B6936"},{"day":6,"utc":"07:29:00","flight":"B6849"},{"day":6,"utc":"12:29:00","flight":"B6201"}],"distance":1521.3831194901231}