{"id":56741,"type":"route","airline":"UA","airlineid":"airline_5209","sourceairport":"IAH","destinationairport":"DCA","stops":0,"equipment":"73G 319 738 320","schedule":[{"day":0,"utc":"08:47:00","flight":"UA487"},{"day":0,"utc":"14:10:00","flight":"UA080"},{"day":0,"utc":"16:18:00","flight":"UA250"},{"day":0,"utc":"06:13:00","flight":"UA799"},{"day":1,"utc":"14:59:00","flight":"UA668"},{"day":1,"utc":"10:56:00","flight":"UA604"},{"day":2,"utc":"06:25:00","flight":"UA122"},{"day":2,"utc":"05:27:00","flight":"UA226"},{"day":3,"utc":"21:37:00","flight":"UA706"},{"day":3,"utc":"05:13:00","flight":"UA526"},{"day":3,"utc":"16:16:00","flight":"UA479"},{"day":3,"utc":"20:58:00","flight":"UA903"},{"day":3,"utc":"06:00:00","flight":"UA412"},{"day":4,"utc":"05:32:00","flight":"UA645"},{"day":4,"utc":"15:12:00","flight":"UA737"},{"day":4,"utc":"10:23:00","flight":"UA822"},{"day":4,"utc":"08:05:00","flight":"UA823"},{"day":4,"utc":"12:40:00","flight":"UA680"},{"day":5,"utc":"13:09:00","flight":"UA940"},{"day":5,"utc":"20:32:00","flight":"UA384"},{"day":6,"utc":"08:13:00","flight":"UA442"},{"day":6,"utc":"01:43:00","flight":"UA425"},{"day":6,"utc":"09:33:00","flight":"UA744"}],"distance":1941.6293550359312}