{"id":58441,"type":"route","airline":"UP","airlineid":"airline_1403","sourceairport":"CMH","destinationairport":"FPO","stops":0,"equipment":"734","schedule":[{"day":0,"utc":"15:14:00","flight":"UP670"},{"day":0,"utc":"19:50:00","flight":"UP145"},{"day":0,"utc":"03:10:00","flight":"UP767"},{"day":0,"utc":"23:34:00","flight":"UP609"},{"day":0,"utc":"14:12:00","flight":"UP463"},{"day":1,"utc":"08:58:00","flight":"UP048"},{"day":1,"utc":"16:31:00","flight":"UP281"},{"day":1,"utc":"19:01:00","flight":"UP856"},{"day":1,"utc":"14:58:00","flight":"UP817"},{"day":2,"utc":"04:41:00","flight":"UP418"},{"day":2,"utc":"09:40:00","flight":"UP788"},{"day":3,"utc":"15:35:00","flight":"UP328"},{"day":3,"utc":"14:33:00","flight":"UP659"},{"day":3,"utc":"12:17:00","flight":"UP205"},{"day":3,"utc":"22:16:00","flight":"UP474"},{"day":3,"utc":"20:51:00","flight":"UP472"},{"day":4,"utc":"04:32:00","flight":"UP305"},{"day":4,"utc":"20:40:00","flight":"UP909"},{"day":5,"utc":"16:00:00","flight":"UP139"},{"day":6,"utc":"20:40:00","flight":"UP234"},{"day":6,"utc":"22:40:00","flight":"UP592"},{"day":6,"utc":"17:22:00","flight":"UP214"}],"distance":1543.9305163309016}