{"id":21884,"type":"route","airline":"DL","airlineid":"airline_2009","sourceairport":"STL","destinationairport":"CVG","stops":0,"equipment":"CR7","schedule":[{"day":0,"utc":"07:22:00","flight":"DL809"},{"day":0,"utc":"20:14:00","flight":"DL048"},{"day":0,"utc":"14:39:00","flight":"DL259"},{"day":0,"utc":"10:27:00","flight":"DL002"},{"day":1,"utc":"01:27:00","flight":"DL477"},{"day":1,"utc":"00:48:00","flight":"DL637"},{"day":1,"utc":"22:20:00","flight":"DL950"},{"day":1,"utc":"05:00:00","flight":"DL502"},{"day":2,"utc":"11:24:00","flight":"DL602"},{"day":2,"utc":"22:16:00","flight":"DL930"},{"day":2,"utc":"08:23:00","flight":"DL782"},{"day":3,"utc":"13:11:00","flight":"DL688"},{"day":3,"utc":"07:04:00","flight":"DL787"},{"day":3,"utc":"04:28:00","flight":"DL192"},{"day":3,"utc":"16:23:00","flight":"DL310"},{"day":4,"utc":"17:16:00","flight":"DL669"},{"day":5,"utc":"07:29:00","flight":"DL294"},{"day":5,"utc":"05:44:00","flight":"DL730"},{"day":6,"utc":"01:55:00","flight":"DL531"}],"distance":494.5040749887664}