{"id":55335,"type":"route","airline":"U2","airlineid":"airline_2297","sourceairport":"PRG","destinationairport":"MXP","stops":0,"equipment":"319","schedule":[{"day":0,"utc":"09:22:00","flight":"U2985"},{"day":0,"utc":"11:06:00","flight":"U2347"},{"day":0,"utc":"16:53:00","flight":"U2033"},{"day":0,"utc":"05:11:00","flight":"U2091"},{"day":0,"utc":"04:19:00","flight":"U2082"},{"day":1,"utc":"04:10:00","flight":"U2923"},{"day":1,"utc":"19:04:00","flight":"U2771"},{"day":1,"utc":"09:15:00","flight":"U2454"},{"day":1,"utc":"15:11:00","flight":"U2452"},{"day":2,"utc":"01:40:00","flight":"U2389"},{"day":2,"utc":"01:47:00","flight":"U2502"},{"day":2,"utc":"14:54:00","flight":"U2849"},{"day":2,"utc":"04:48:00","flight":"U2307"},{"day":2,"utc":"17:52:00","flight":"U2962"},{"day":3,"utc":"22:25:00","flight":"U2933"},{"day":3,"utc":"19:51:00","flight":"U2789"},{"day":4,"utc":"14:01:00","flight":"U2573"},{"day":4,"utc":"06:27:00","flight":"U2367"},{"day":4,"utc":"00:22:00","flight":"U2774"},{"day":5,"utc":"23:53:00","flight":"U2747"},{"day":5,"utc":"08:50:00","flight":"U2294"},{"day":5,"utc":"22:00:00","flight":"U2566"},{"day":6,"utc":"08:09:00","flight":"U2565"},{"day":6,"utc":"08:32:00","flight":"U2144"}],"distance":645.6711392454682}