{"id":61710,"type":"route","airline":"VS","airlineid":"airline_5347","sourceairport":"BGI","destinationairport":"LGW","stops":0,"equipment":"333 744","schedule":[{"day":0,"utc":"07:56:00","flight":"VS648"},{"day":0,"utc":"17:25:00","flight":"VS649"},{"day":0,"utc":"19:34:00","flight":"VS299"},{"day":1,"utc":"19:27:00","flight":"VS978"},{"day":1,"utc":"14:59:00","flight":"VS167"},{"day":1,"utc":"22:40:00","flight":"VS339"},{"day":2,"utc":"23:22:00","flight":"VS911"},{"day":2,"utc":"17:04:00","flight":"VS421"},{"day":2,"utc":"05:15:00","flight":"VS025"},{"day":2,"utc":"21:40:00","flight":"VS041"},{"day":3,"utc":"12:02:00","flight":"VS376"},{"day":4,"utc":"05:57:00","flight":"VS820"},{"day":5,"utc":"22:58:00","flight":"VS987"},{"day":5,"utc":"05:08:00","flight":"VS120"},{"day":5,"utc":"07:22:00","flight":"VS590"},{"day":5,"utc":"21:34:00","flight":"VS229"},{"day":6,"utc":"04:34:00","flight":"VS943"},{"day":6,"utc":"03:49:00","flight":"VS593"},{"day":6,"utc":"16:16:00","flight":"VS730"},{"day":6,"utc":"13:35:00","flight":"VS948"},{"day":6,"utc":"09:15:00","flight":"VS556"}],"distance":6758.757678657455}