{"id":5277,"type":"route","airline":"AA","airlineid":"airline_24","sourceairport":"DFW","destinationairport":"NAS","stops":0,"equipment":"738","schedule":[{"day":0,"utc":"14:08:00","flight":"AA634"},{"day":0,"utc":"15:59:00","flight":"AA772"},{"day":0,"utc":"02:55:00","flight":"AA137"},{"day":0,"utc":"17:14:00","flight":"AA646"},{"day":1,"utc":"22:24:00","flight":"AA101"},{"day":1,"utc":"02:34:00","flight":"AA852"},{"day":1,"utc":"19:11:00","flight":"AA027"},{"day":1,"utc":"01:12:00","flight":"AA729"},{"day":1,"utc":"08:21:00","flight":"AA285"},{"day":2,"utc":"15:54:00","flight":"AA016"},{"day":2,"utc":"23:58:00","flight":"AA634"},{"day":3,"utc":"15:00:00","flight":"AA044"},{"day":3,"utc":"02:42:00","flight":"AA128"},{"day":3,"utc":"00:46:00","flight":"AA893"},{"day":3,"utc":"03:59:00","flight":"AA377"},{"day":4,"utc":"16:07:00","flight":"AA651"},{"day":4,"utc":"09:47:00","flight":"AA463"},{"day":4,"utc":"16:16:00","flight":"AA040"},{"day":4,"utc":"18:28:00","flight":"AA723"},{"day":5,"utc":"07:40:00","flight":"AA908"},{"day":5,"utc":"21:27:00","flight":"AA154"},{"day":5,"utc":"09:24:00","flight":"AA613"},{"day":6,"utc":"16:01:00","flight":"AA252"}],"distance":2090.31710278249}