{"id":46308,"type":"route","airline":"PS","airlineid":"airline_5282","sourceairport":"KBP","destinationairport":"JFK","stops":0,"equipment":"767","schedule":[{"day":0,"utc":"23:07:00","flight":"PS184"},{"day":1,"utc":"16:24:00","flight":"PS704"},{"day":1,"utc":"14:42:00","flight":"PS548"},{"day":2,"utc":"03:14:00","flight":"PS868"},{"day":2,"utc":"11:33:00","flight":"PS584"},{"day":2,"utc":"01:41:00","flight":"PS058"},{"day":3,"utc":"01:49:00","flight":"PS022"},{"day":3,"utc":"23:19:00","flight":"PS558"},{"day":3,"utc":"01:14:00","flight":"PS416"},{"day":4,"utc":"04:32:00","flight":"PS081"},{"day":4,"utc":"15:07:00","flight":"PS495"},{"day":4,"utc":"03:06:00","flight":"PS769"},{"day":4,"utc":"20:47:00","flight":"PS232"},{"day":4,"utc":"20:05:00","flight":"PS799"},{"day":5,"utc":"13:36:00","flight":"PS862"},{"day":5,"utc":"02:25:00","flight":"PS411"},{"day":5,"utc":"14:53:00","flight":"PS301"},{"day":5,"utc":"23:25:00","flight":"PS773"},{"day":5,"utc":"17:38:00","flight":"PS218"},{"day":6,"utc":"17:54:00","flight":"PS864"},{"day":6,"utc":"15:37:00","flight":"PS137"},{"day":6,"utc":"02:03:00","flight":"PS292"},{"day":6,"utc":"00:14:00","flight":"PS317"}],"distance":7532.619934560436}