{"id":56881,"type":"route","airline":"UA","airlineid":"airline_5209","sourceairport":"IND","destinationairport":"EWR","stops":0,"equipment":"ERJ E70","schedule":[{"day":0,"utc":"00:28:00","flight":"UA589"},{"day":0,"utc":"08:45:00","flight":"UA853"},{"day":1,"utc":"01:59:00","flight":"UA021"},{"day":1,"utc":"23:28:00","flight":"UA761"},{"day":1,"utc":"22:57:00","flight":"UA234"},{"day":1,"utc":"02:39:00","flight":"UA492"},{"day":2,"utc":"09:07:00","flight":"UA882"},{"day":2,"utc":"08:36:00","flight":"UA017"},{"day":2,"utc":"08:59:00","flight":"UA124"},{"day":2,"utc":"10:18:00","flight":"UA316"},{"day":2,"utc":"00:31:00","flight":"UA020"},{"day":3,"utc":"05:57:00","flight":"UA737"},{"day":3,"utc":"23:28:00","flight":"UA239"},{"day":3,"utc":"10:54:00","flight":"UA715"},{"day":4,"utc":"20:03:00","flight":"UA251"},{"day":4,"utc":"02:43:00","flight":"UA601"},{"day":4,"utc":"09:35:00","flight":"UA474"},{"day":5,"utc":"09:01:00","flight":"UA696"},{"day":5,"utc":"21:27:00","flight":"UA177"},{"day":5,"utc":"10:54:00","flight":"UA783"},{"day":6,"utc":"23:53:00","flight":"UA196"},{"day":6,"utc":"05:55:00","flight":"UA296"},{"day":6,"utc":"10:08:00","flight":"UA736"}],"distance":1034.6214543129715}