{"id":57664,"type":"route","airline":"UA","airlineid":"airline_5209","sourceairport":"SFO","destinationairport":"LMT","stops":0,"equipment":"EM2","schedule":[{"day":0,"utc":"08:47:00","flight":"UA897"},{"day":0,"utc":"04:44:00","flight":"UA828"},{"day":0,"utc":"06:57:00","flight":"UA217"},{"day":0,"utc":"06:52:00","flight":"UA983"},{"day":0,"utc":"02:40:00","flight":"UA001"},{"day":1,"utc":"02:21:00","flight":"UA549"},{"day":1,"utc":"13:02:00","flight":"UA075"},{"day":1,"utc":"13:19:00","flight":"UA990"},{"day":1,"utc":"21:08:00","flight":"UA356"},{"day":2,"utc":"00:35:00","flight":"UA122"},{"day":2,"utc":"16:21:00","flight":"UA276"},{"day":2,"utc":"20:36:00","flight":"UA571"},{"day":2,"utc":"21:13:00","flight":"UA375"},{"day":3,"utc":"15:42:00","flight":"UA246"},{"day":3,"utc":"17:06:00","flight":"UA654"},{"day":4,"utc":"18:27:00","flight":"UA712"},{"day":4,"utc":"12:02:00","flight":"UA652"},{"day":5,"utc":"20:57:00","flight":"UA554"},{"day":6,"utc":"08:57:00","flight":"UA544"}],"distance":507.4646666312791}