{"id":38318,"type":"route","airline":"LH","airlineid":"airline_3320","sourceairport":"FRA","destinationairport":"MIA","stops":0,"equipment":"388","schedule":[{"day":0,"utc":"08:32:00","flight":"LH277"},{"day":0,"utc":"10:53:00","flight":"LH515"},{"day":1,"utc":"13:59:00","flight":"LH697"},{"day":1,"utc":"20:39:00","flight":"LH602"},{"day":1,"utc":"06:34:00","flight":"LH459"},{"day":1,"utc":"10:44:00","flight":"LH395"},{"day":2,"utc":"09:23:00","flight":"LH024"},{"day":2,"utc":"09:28:00","flight":"LH722"},{"day":2,"utc":"08:51:00","flight":"LH383"},{"day":3,"utc":"15:46:00","flight":"LH191"},{"day":3,"utc":"08:18:00","flight":"LH984"},{"day":3,"utc":"02:44:00","flight":"LH156"},{"day":4,"utc":"02:47:00","flight":"LH309"},{"day":4,"utc":"04:37:00","flight":"LH814"},{"day":4,"utc":"06:23:00","flight":"LH487"},{"day":4,"utc":"17:45:00","flight":"LH169"},{"day":5,"utc":"03:33:00","flight":"LH130"},{"day":5,"utc":"12:31:00","flight":"LH594"},{"day":6,"utc":"12:03:00","flight":"LH254"},{"day":6,"utc":"19:04:00","flight":"LH168"}],"distance":7761.883830119852}