{"id":59643,"type":"route","airline":"US","airlineid":"airline_5265","sourceairport":"MCO","destinationairport":"JFK","stops":0,"equipment":"763 757","schedule":[{"day":0,"utc":"07:56:00","flight":"US320"},{"day":0,"utc":"07:37:00","flight":"US551"},{"day":0,"utc":"14:25:00","flight":"US990"},{"day":0,"utc":"17:48:00","flight":"US554"},{"day":1,"utc":"01:00:00","flight":"US556"},{"day":1,"utc":"06:03:00","flight":"US150"},{"day":1,"utc":"04:51:00","flight":"US067"},{"day":2,"utc":"14:07:00","flight":"US567"},{"day":2,"utc":"00:24:00","flight":"US792"},{"day":3,"utc":"04:21:00","flight":"US121"},{"day":4,"utc":"04:19:00","flight":"US643"},{"day":4,"utc":"11:30:00","flight":"US825"},{"day":4,"utc":"15:52:00","flight":"US203"},{"day":5,"utc":"01:41:00","flight":"US565"},{"day":5,"utc":"13:29:00","flight":"US985"},{"day":5,"utc":"13:21:00","flight":"US080"},{"day":5,"utc":"02:14:00","flight":"US233"},{"day":5,"utc":"23:08:00","flight":"US857"},{"day":6,"utc":"11:31:00","flight":"US132"},{"day":6,"utc":"11:18:00","flight":"US311"}],"distance":1521.3831194901231}