{"id":26722,"type":"route","airline":"FR","airlineid":"airline_4296","sourceairport":"EMA","destinationairport":"ALC","stops":0,"equipment":"738","schedule":[{"day":0,"utc":"07:10:00","flight":"FR537"},{"day":1,"utc":"04:25:00","flight":"FR247"},{"day":2,"utc":"20:58:00","flight":"FR661"},{"day":3,"utc":"17:33:00","flight":"FR458"},{"day":3,"utc":"17:26:00","flight":"FR028"},{"day":4,"utc":"03:57:00","flight":"FR115"},{"day":4,"utc":"10:34:00","flight":"FR706"},{"day":4,"utc":"17:58:00","flight":"FR525"},{"day":4,"utc":"22:37:00","flight":"FR486"},{"day":4,"utc":"00:29:00","flight":"FR993"},{"day":5,"utc":"07:08:00","flight":"FR292"},{"day":6,"utc":"14:23:00","flight":"FR115"}],"distance":1618.854037939588}