{"id":24411,"type":"route","airline":"F9","airlineid":"airline_2468","sourceairport":"DEN","destinationairport":"SLC","stops":0,"equipment":"319 320","schedule":[{"day":0,"utc":"10:55:00","flight":"F9272"},{"day":0,"utc":"11:44:00","flight":"F9038"},{"day":0,"utc":"11:27:00","flight":"F9460"},{"day":0,"utc":"13:10:00","flight":"F9367"},{"day":1,"utc":"09:37:00","flight":"F9815"},{"day":2,"utc":"13:28:00","flight":"F9640"},{"day":2,"utc":"22:15:00","flight":"F9533"},{"day":3,"utc":"16:10:00","flight":"F9171"},{"day":3,"utc":"23:22:00","flight":"F9851"},{"day":3,"utc":"11:37:00","flight":"F9770"},{"day":3,"utc":"05:54:00","flight":"F9362"},{"day":3,"utc":"08:56:00","flight":"F9384"},{"day":4,"utc":"14:47:00","flight":"F9874"},{"day":4,"utc":"04:29:00","flight":"F9254"},{"day":4,"utc":"11:44:00","flight":"F9865"},{"day":4,"utc":"14:40:00","flight":"F9142"},{"day":4,"utc":"00:59:00","flight":"F9528"},{"day":5,"utc":"16:35:00","flight":"F9817"},{"day":5,"utc":"00:59:00","flight":"F9221"},{"day":6,"utc":"00:13:00","flight":"F9675"},{"day":6,"utc":"11:28:00","flight":"F9662"},{"day":6,"utc":"23:09:00","flight":"F9516"},{"day":6,"utc":"10:30:00","flight":"F9720"}],"distance":627.5567030666203}