{"id":58977,"type":"route","airline":"US","airlineid":"airline_5265","sourceairport":"DCA","destinationairport":"MYR","stops":0,"equipment":"CRJ","schedule":[{"day":0,"utc":"12:05:00","flight":"US033"},{"day":0,"utc":"01:40:00","flight":"US221"},{"day":1,"utc":"14:53:00","flight":"US608"},{"day":1,"utc":"23:37:00","flight":"US657"},{"day":1,"utc":"14:48:00","flight":"US504"},{"day":1,"utc":"11:51:00","flight":"US813"},{"day":1,"utc":"11:16:00","flight":"US548"},{"day":2,"utc":"20:56:00","flight":"US373"},{"day":2,"utc":"23:44:00","flight":"US083"},{"day":2,"utc":"08:36:00","flight":"US224"},{"day":2,"utc":"12:31:00","flight":"US746"},{"day":2,"utc":"16:55:00","flight":"US858"},{"day":3,"utc":"03:28:00","flight":"US495"},{"day":3,"utc":"17:13:00","flight":"US818"},{"day":4,"utc":"00:59:00","flight":"US795"},{"day":4,"utc":"02:04:00","flight":"US735"},{"day":4,"utc":"06:41:00","flight":"US768"},{"day":5,"utc":"12:50:00","flight":"US487"},{"day":6,"utc":"10:36:00","flight":"US607"},{"day":6,"utc":"02:52:00","flight":"US149"},{"day":6,"utc":"00:15:00","flight":"US355"},{"day":6,"utc":"18:22:00","flight":"US131"}],"distance":599.5511190812178}