{"id":9046,"type":"route","airline":"AF","airlineid":"airline_137","sourceairport":"ATL","destinationairport":"CMH","stops":0,"equipment":"73W M88 738","schedule":[{"day":0,"utc":"19:10:00","flight":"AF982"},{"day":0,"utc":"17:12:00","flight":"AF180"},{"day":1,"utc":"14:47:00","flight":"AF959"},{"day":1,"utc":"10:42:00","flight":"AF433"},{"day":1,"utc":"12:05:00","flight":"AF560"},{"day":1,"utc":"22:55:00","flight":"AF416"},{"day":1,"utc":"01:11:00","flight":"AF074"},{"day":2,"utc":"04:02:00","flight":"AF983"},{"day":2,"utc":"14:00:00","flight":"AF231"},{"day":2,"utc":"22:27:00","flight":"AF465"},{"day":3,"utc":"13:20:00","flight":"AF483"},{"day":4,"utc":"04:26:00","flight":"AF763"},{"day":4,"utc":"18:04:00","flight":"AF321"},{"day":5,"utc":"12:25:00","flight":"AF400"},{"day":6,"utc":"12:15:00","flight":"AF561"},{"day":6,"utc":"14:55:00","flight":"AF116"}],"distance":720.3999625629134}