{"id":3639,"type":"route","airline":"9K","airlineid":"airline_1629","sourceairport":"GDV","destinationairport":"BIL","stops":0,"equipment":"CNA","schedule":[{"day":0,"utc":"08:55:00","flight":"9K386"},{"day":0,"utc":"18:32:00","flight":"9K726"},{"day":0,"utc":"18:11:00","flight":"9K420"},{"day":0,"utc":"08:17:00","flight":"9K262"},{"day":1,"utc":"19:12:00","flight":"9K146"},{"day":1,"utc":"17:05:00","flight":"9K831"},{"day":1,"utc":"08:24:00","flight":"9K146"},{"day":2,"utc":"21:14:00","flight":"9K802"},{"day":2,"utc":"18:07:00","flight":"9K513"},{"day":2,"utc":"19:22:00","flight":"9K171"},{"day":2,"utc":"03:23:00","flight":"9K187"},{"day":2,"utc":"03:13:00","flight":"9K438"},{"day":3,"utc":"09:51:00","flight":"9K881"},{"day":3,"utc":"17:24:00","flight":"9K556"},{"day":4,"utc":"16:07:00","flight":"9K557"},{"day":4,"utc":"16:32:00","flight":"9K078"},{"day":4,"utc":"21:36:00","flight":"9K019"},{"day":5,"utc":"19:29:00","flight":"9K550"},{"day":5,"utc":"08:57:00","flight":"9K270"},{"day":5,"utc":"02:12:00","flight":"9K013"},{"day":6,"utc":"06:53:00","flight":"9K505"},{"day":6,"utc":"04:23:00","flight":"9K697"}],"distance":321.6020489227938}