{"id":60398,"type":"route","airline":"US","airlineid":"airline_5265","sourceairport":"SLC","destinationairport":"DFW","stops":0,"equipment":"M80 M83","schedule":[{"day":0,"utc":"15:50:00","flight":"US435"},{"day":1,"utc":"20:12:00","flight":"US405"},{"day":1,"utc":"14:12:00","flight":"US355"},{"day":1,"utc":"14:59:00","flight":"US127"},{"day":1,"utc":"22:26:00","flight":"US108"},{"day":1,"utc":"20:07:00","flight":"US153"},{"day":2,"utc":"00:28:00","flight":"US041"},{"day":3,"utc":"11:04:00","flight":"US748"},{"day":3,"utc":"15:07:00","flight":"US981"},{"day":3,"utc":"17:33:00","flight":"US748"},{"day":4,"utc":"00:34:00","flight":"US800"},{"day":4,"utc":"12:55:00","flight":"US427"},{"day":4,"utc":"00:18:00","flight":"US363"},{"day":4,"utc":"12:48:00","flight":"US082"},{"day":5,"utc":"02:11:00","flight":"US136"},{"day":5,"utc":"14:51:00","flight":"US033"},{"day":5,"utc":"21:30:00","flight":"US990"},{"day":5,"utc":"07:50:00","flight":"US627"},{"day":5,"utc":"02:29:00","flight":"US075"},{"day":6,"utc":"15:48:00","flight":"US626"},{"day":6,"utc":"18:49:00","flight":"US557"},{"day":6,"utc":"13:51:00","flight":"US039"},{"day":6,"utc":"06:00:00","flight":"US904"},{"day":6,"utc":"21:31:00","flight":"US706"}],"distance":1589.4457812129535}