{"id":55912,"type":"route","airline":"UA","airlineid":"airline_5209","sourceairport":"BRU","destinationairport":"NSI","stops":0,"equipment":"332","schedule":[{"day":0,"utc":"00:42:00","flight":"UA984"},{"day":0,"utc":"13:50:00","flight":"UA681"},{"day":0,"utc":"11:21:00","flight":"UA423"},{"day":0,"utc":"12:58:00","flight":"UA199"},{"day":0,"utc":"01:53:00","flight":"UA114"},{"day":1,"utc":"06:02:00","flight":"UA531"},{"day":1,"utc":"03:08:00","flight":"UA049"},{"day":1,"utc":"05:03:00","flight":"UA072"},{"day":1,"utc":"19:06:00","flight":"UA675"},{"day":1,"utc":"07:06:00","flight":"UA431"},{"day":2,"utc":"10:39:00","flight":"UA502"},{"day":3,"utc":"14:55:00","flight":"UA572"},{"day":3,"utc":"17:55:00","flight":"UA449"},{"day":3,"utc":"09:13:00","flight":"UA567"},{"day":3,"utc":"09:32:00","flight":"UA573"},{"day":4,"utc":"20:48:00","flight":"UA935"},{"day":4,"utc":"08:38:00","flight":"UA098"},{"day":4,"utc":"21:28:00","flight":"UA835"},{"day":4,"utc":"13:21:00","flight":"UA182"},{"day":5,"utc":"17:07:00","flight":"UA827"},{"day":5,"utc":"19:06:00","flight":"UA527"},{"day":5,"utc":"18:46:00","flight":"UA972"},{"day":5,"utc":"02:41:00","flight":"UA082"},{"day":5,"utc":"23:33:00","flight":"UA424"},{"day":6,"utc":"05:16:00","flight":"UA267"},{"day":6,"utc":"22:34:00","flight":"UA822"}],"distance":5287.471715266087}