{"id":28997,"type":"route","airline":"G4","airlineid":"airline_35","sourceairport":"LAS","destinationairport":"ATW","stops":0,"equipment":"M80","schedule":[{"day":0,"utc":"16:42:00","flight":"G4203"},{"day":1,"utc":"11:45:00","flight":"G4325"},{"day":2,"utc":"23:33:00","flight":"G4265"},{"day":2,"utc":"04:36:00","flight":"G4509"},{"day":3,"utc":"22:01:00","flight":"G4481"},{"day":3,"utc":"01:06:00","flight":"G4267"},{"day":3,"utc":"15:56:00","flight":"G4235"},{"day":3,"utc":"11:53:00","flight":"G4088"},{"day":3,"utc":"17:49:00","flight":"G4855"},{"day":4,"utc":"21:09:00","flight":"G4453"},{"day":4,"utc":"23:55:00","flight":"G4412"},{"day":4,"utc":"11:14:00","flight":"G4117"},{"day":4,"utc":"20:02:00","flight":"G4085"},{"day":5,"utc":"11:46:00","flight":"G4578"},{"day":5,"utc":"21:45:00","flight":"G4717"},{"day":5,"utc":"11:21:00","flight":"G4651"},{"day":5,"utc":"11:35:00","flight":"G4609"},{"day":5,"utc":"05:46:00","flight":"G4006"},{"day":6,"utc":"21:32:00","flight":"G4800"},{"day":6,"utc":"12:56:00","flight":"G4692"}],"distance":2426.164277402877}