{"id":4173,"type":"route","airline":"9W","airlineid":"airline_3000","sourceairport":"LHR","destinationairport":"BOM","stops":0,"equipment":"77W","schedule":[{"day":0,"utc":"23:00:00","flight":"9W788"},{"day":0,"utc":"04:42:00","flight":"9W640"},{"day":0,"utc":"07:11:00","flight":"9W767"},{"day":0,"utc":"11:24:00","flight":"9W036"},{"day":1,"utc":"23:17:00","flight":"9W543"},{"day":1,"utc":"21:25:00","flight":"9W317"},{"day":1,"utc":"12:35:00","flight":"9W512"},{"day":2,"utc":"11:10:00","flight":"9W407"},{"day":2,"utc":"12:37:00","flight":"9W220"},{"day":2,"utc":"09:08:00","flight":"9W434"},{"day":3,"utc":"06:07:00","flight":"9W386"},{"day":3,"utc":"13:32:00","flight":"9W619"},{"day":3,"utc":"20:10:00","flight":"9W244"},{"day":3,"utc":"20:42:00","flight":"9W916"},{"day":3,"utc":"10:21:00","flight":"9W478"},{"day":4,"utc":"01:41:00","flight":"9W594"},{"day":4,"utc":"14:55:00","flight":"9W954"},{"day":4,"utc":"06:03:00","flight":"9W027"},{"day":5,"utc":"08:30:00","flight":"9W818"},{"day":6,"utc":"11:17:00","flight":"9W096"},{"day":6,"utc":"20:21:00","flight":"9W675"},{"day":6,"utc":"14:31:00","flight":"9W377"},{"day":6,"utc":"01:58:00","flight":"9W594"},{"day":6,"utc":"23:25:00","flight":"9W319"}],"distance":7213.01266670464}