{"id":55482,"type":"route","airline":"U2","airlineid":"airline_2297","sourceairport":"TLV","destinationairport":"BSL","stops":0,"equipment":"320","schedule":[{"day":0,"utc":"16:08:00","flight":"U2244"},{"day":1,"utc":"13:32:00","flight":"U2450"},{"day":1,"utc":"04:33:00","flight":"U2611"},{"day":1,"utc":"14:57:00","flight":"U2546"},{"day":1,"utc":"12:04:00","flight":"U2702"},{"day":2,"utc":"06:05:00","flight":"U2362"},{"day":2,"utc":"03:23:00","flight":"U2984"},{"day":3,"utc":"21:06:00","flight":"U2708"},{"day":4,"utc":"01:07:00","flight":"U2988"},{"day":4,"utc":"03:58:00","flight":"U2298"},{"day":4,"utc":"16:52:00","flight":"U2537"},{"day":4,"utc":"18:23:00","flight":"U2871"},{"day":5,"utc":"09:43:00","flight":"U2006"},{"day":5,"utc":"19:58:00","flight":"U2691"},{"day":5,"utc":"05:42:00","flight":"U2033"},{"day":5,"utc":"05:41:00","flight":"U2444"},{"day":6,"utc":"19:34:00","flight":"U2954"}],"distance":2883.678043680198}