{"id":14040,"type":"route","airline":"B6","airlineid":"airline_3029","sourceairport":"IAD","destinationairport":"BOS","stops":0,"equipment":"E90","schedule":[{"day":0,"utc":"00:11:00","flight":"B6126"},{"day":0,"utc":"23:44:00","flight":"B6735"},{"day":1,"utc":"06:23:00","flight":"B6818"},{"day":1,"utc":"11:39:00","flight":"B6491"},{"day":1,"utc":"03:12:00","flight":"B6968"},{"day":1,"utc":"08:08:00","flight":"B6878"},{"day":2,"utc":"10:30:00","flight":"B6033"},{"day":2,"utc":"00:41:00","flight":"B6328"},{"day":2,"utc":"05:17:00","flight":"B6930"},{"day":3,"utc":"13:40:00","flight":"B6568"},{"day":3,"utc":"21:46:00","flight":"B6949"},{"day":4,"utc":"06:26:00","flight":"B6004"},{"day":5,"utc":"09:07:00","flight":"B6951"},{"day":6,"utc":"09:11:00","flight":"B6061"}],"distance":663.5523551991148}