{"id":26243,"type":"route","airline":"FR","airlineid":"airline_4296","sourceairport":"BRS","destinationairport":"TFS","stops":0,"equipment":"738","schedule":[{"day":0,"utc":"04:03:00","flight":"FR639"},{"day":0,"utc":"00:06:00","flight":"FR836"},{"day":0,"utc":"18:07:00","flight":"FR787"},{"day":0,"utc":"09:07:00","flight":"FR337"},{"day":0,"utc":"09:33:00","flight":"FR980"},{"day":1,"utc":"15:14:00","flight":"FR100"},{"day":1,"utc":"03:13:00","flight":"FR242"},{"day":1,"utc":"20:01:00","flight":"FR490"},{"day":1,"utc":"15:09:00","flight":"FR039"},{"day":1,"utc":"22:41:00","flight":"FR573"},{"day":2,"utc":"04:23:00","flight":"FR823"},{"day":2,"utc":"09:25:00","flight":"FR090"},{"day":2,"utc":"16:01:00","flight":"FR788"},{"day":3,"utc":"04:51:00","flight":"FR447"},{"day":3,"utc":"14:01:00","flight":"FR041"},{"day":3,"utc":"06:30:00","flight":"FR516"},{"day":3,"utc":"18:07:00","flight":"FR207"},{"day":3,"utc":"00:32:00","flight":"FR600"},{"day":4,"utc":"00:24:00","flight":"FR008"},{"day":4,"utc":"08:37:00","flight":"FR718"},{"day":4,"utc":"18:23:00","flight":"FR831"},{"day":5,"utc":"16:41:00","flight":"FR869"},{"day":6,"utc":"07:02:00","flight":"FR745"},{"day":6,"utc":"09:41:00","flight":"FR970"},{"day":6,"utc":"09:50:00","flight":"FR047"}],"distance":2841.7638457470534}