{"id":21300,"type":"route","airline":"DL","airlineid":"airline_2009","sourceairport":"MIA","destinationairport":"JFK","stops":0,"equipment":"M88 73H 738 319","schedule":[{"day":0,"utc":"21:27:00","flight":"DL191"},{"day":0,"utc":"23:42:00","flight":"DL274"},{"day":0,"utc":"08:48:00","flight":"DL331"},{"day":0,"utc":"06:10:00","flight":"DL866"},{"day":1,"utc":"09:06:00","flight":"DL663"},{"day":1,"utc":"14:01:00","flight":"DL470"},{"day":1,"utc":"10:44:00","flight":"DL804"},{"day":1,"utc":"09:38:00","flight":"DL360"},{"day":2,"utc":"12:13:00","flight":"DL405"},{"day":2,"utc":"22:32:00","flight":"DL040"},{"day":3,"utc":"07:04:00","flight":"DL325"},{"day":3,"utc":"18:34:00","flight":"DL376"},{"day":3,"utc":"14:04:00","flight":"DL210"},{"day":3,"utc":"05:22:00","flight":"DL957"},{"day":4,"utc":"20:00:00","flight":"DL707"},{"day":4,"utc":"22:12:00","flight":"DL851"},{"day":5,"utc":"02:36:00","flight":"DL709"},{"day":6,"utc":"23:48:00","flight":"DL044"}],"distance":1757.108742119866}