{"id":13665,"type":"route","airline":"AZ","airlineid":"airline_596","sourceairport":"SFO","destinationairport":"CDG","stops":0,"equipment":"388","schedule":[{"day":0,"utc":"20:11:00","flight":"AZ292"},{"day":0,"utc":"11:38:00","flight":"AZ394"},{"day":0,"utc":"00:03:00","flight":"AZ297"},{"day":0,"utc":"00:01:00","flight":"AZ651"},{"day":0,"utc":"22:55:00","flight":"AZ656"},{"day":1,"utc":"03:56:00","flight":"AZ852"},{"day":1,"utc":"06:59:00","flight":"AZ832"},{"day":2,"utc":"09:22:00","flight":"AZ842"},{"day":3,"utc":"11:59:00","flight":"AZ530"},{"day":3,"utc":"10:59:00","flight":"AZ096"},{"day":3,"utc":"00:45:00","flight":"AZ485"},{"day":4,"utc":"16:50:00","flight":"AZ838"},{"day":4,"utc":"20:45:00","flight":"AZ377"},{"day":4,"utc":"06:25:00","flight":"AZ721"},{"day":4,"utc":"07:58:00","flight":"AZ466"},{"day":4,"utc":"22:12:00","flight":"AZ919"},{"day":5,"utc":"18:38:00","flight":"AZ594"},{"day":5,"utc":"03:20:00","flight":"AZ331"},{"day":5,"utc":"13:05:00","flight":"AZ470"},{"day":5,"utc":"23:04:00","flight":"AZ691"},{"day":6,"utc":"01:55:00","flight":"AZ793"}],"distance":8962.209099475302}