{"id":9878,"type":"route","airline":"AF","airlineid":"airline_137","sourceairport":"PHL","destinationairport":"ATL","stops":0,"equipment":"M90 320 738 73H","schedule":[{"day":0,"utc":"03:58:00","flight":"AF974"},{"day":1,"utc":"20:52:00","flight":"AF170"},{"day":2,"utc":"17:05:00","flight":"AF283"},{"day":3,"utc":"20:44:00","flight":"AF114"},{"day":3,"utc":"12:04:00","flight":"AF566"},{"day":3,"utc":"11:26:00","flight":"AF899"},{"day":3,"utc":"00:11:00","flight":"AF703"},{"day":3,"utc":"09:19:00","flight":"AF728"},{"day":4,"utc":"09:24:00","flight":"AF122"},{"day":4,"utc":"06:43:00","flight":"AF654"},{"day":4,"utc":"14:33:00","flight":"AF166"},{"day":5,"utc":"16:22:00","flight":"AF059"},{"day":5,"utc":"04:09:00","flight":"AF157"},{"day":5,"utc":"10:43:00","flight":"AF023"},{"day":5,"utc":"14:45:00","flight":"AF757"},{"day":6,"utc":"13:47:00","flight":"AF803"}],"distance":1071.589394885381}