{"id":14244,"type":"route","airline":"B6","airlineid":"airline_3029","sourceairport":"SFO","destinationairport":"LGB","stops":0,"equipment":"320","schedule":[{"day":0,"utc":"05:11:00","flight":"B6100"},{"day":0,"utc":"22:07:00","flight":"B6529"},{"day":0,"utc":"11:58:00","flight":"B6815"},{"day":0,"utc":"13:47:00","flight":"B6117"},{"day":1,"utc":"09:13:00","flight":"B6337"},{"day":1,"utc":"05:11:00","flight":"B6569"},{"day":1,"utc":"09:01:00","flight":"B6340"},{"day":2,"utc":"06:48:00","flight":"B6128"},{"day":2,"utc":"00:13:00","flight":"B6776"},{"day":3,"utc":"08:54:00","flight":"B6753"},{"day":3,"utc":"17:52:00","flight":"B6355"},{"day":3,"utc":"21:17:00","flight":"B6535"},{"day":3,"utc":"04:04:00","flight":"B6322"},{"day":3,"utc":"17:48:00","flight":"B6137"},{"day":4,"utc":"01:21:00","flight":"B6634"},{"day":4,"utc":"00:55:00","flight":"B6515"},{"day":5,"utc":"05:24:00","flight":"B6961"},{"day":5,"utc":"10:56:00","flight":"B6823"},{"day":6,"utc":"05:12:00","flight":"B6026"},{"day":6,"utc":"20:27:00","flight":"B6328"}],"distance":569.0942656417308}