{"id":59763,"type":"route","airline":"US","airlineid":"airline_5265","sourceairport":"MIA","destinationairport":"RDU","stops":0,"equipment":"738","schedule":[{"day":0,"utc":"23:05:00","flight":"US444"},{"day":0,"utc":"03:57:00","flight":"US592"},{"day":1,"utc":"21:29:00","flight":"US274"},{"day":1,"utc":"09:08:00","flight":"US754"},{"day":1,"utc":"06:44:00","flight":"US260"},{"day":1,"utc":"18:04:00","flight":"US444"},{"day":1,"utc":"03:20:00","flight":"US695"},{"day":2,"utc":"20:50:00","flight":"US315"},{"day":2,"utc":"10:51:00","flight":"US773"},{"day":2,"utc":"16:13:00","flight":"US687"},{"day":2,"utc":"22:15:00","flight":"US264"},{"day":3,"utc":"14:51:00","flight":"US407"},{"day":3,"utc":"19:14:00","flight":"US162"},{"day":3,"utc":"17:52:00","flight":"US714"},{"day":3,"utc":"19:32:00","flight":"US482"},{"day":4,"utc":"14:36:00","flight":"US286"},{"day":4,"utc":"05:58:00","flight":"US257"},{"day":4,"utc":"16:58:00","flight":"US421"},{"day":4,"utc":"05:18:00","flight":"US792"},{"day":5,"utc":"03:22:00","flight":"US210"},{"day":5,"utc":"18:09:00","flight":"US468"},{"day":5,"utc":"19:10:00","flight":"US784"},{"day":6,"utc":"06:07:00","flight":"US110"},{"day":6,"utc":"01:45:00","flight":"US870"}],"distance":1130.4299914651756}