{"id":27772,"type":"route","airline":"FR","airlineid":"airline_4296","sourceairport":"RYG","destinationairport":"MAN","stops":0,"equipment":"738","schedule":[{"day":0,"utc":"18:20:00","flight":"FR941"},{"day":0,"utc":"08:00:00","flight":"FR206"},{"day":0,"utc":"00:09:00","flight":"FR812"},{"day":1,"utc":"20:07:00","flight":"FR496"},{"day":1,"utc":"05:16:00","flight":"FR815"},{"day":1,"utc":"07:10:00","flight":"FR560"},{"day":1,"utc":"13:57:00","flight":"FR864"},{"day":2,"utc":"20:46:00","flight":"FR701"},{"day":2,"utc":"06:53:00","flight":"FR034"},{"day":3,"utc":"18:17:00","flight":"FR128"},{"day":3,"utc":"08:34:00","flight":"FR255"},{"day":4,"utc":"15:40:00","flight":"FR361"},{"day":4,"utc":"02:07:00","flight":"FR365"},{"day":5,"utc":"16:15:00","flight":"FR807"},{"day":5,"utc":"04:55:00","flight":"FR521"},{"day":6,"utc":"17:08:00","flight":"FR102"},{"day":6,"utc":"13:43:00","flight":"FR878"},{"day":6,"utc":"21:12:00","flight":"FR006"},{"day":6,"utc":"10:45:00","flight":"FR862"}],"distance":1043.692859695612}