{"id":14076,"type":"route","airline":"B6","airlineid":"airline_3029","sourceairport":"JFK","destinationairport":"LRM","stops":0,"equipment":"320","schedule":[{"day":0,"utc":"12:36:00","flight":"B6185"},{"day":0,"utc":"11:32:00","flight":"B6370"},{"day":0,"utc":"03:17:00","flight":"B6746"},{"day":0,"utc":"22:50:00","flight":"B6124"},{"day":0,"utc":"14:01:00","flight":"B6003"},{"day":1,"utc":"05:05:00","flight":"B6939"},{"day":2,"utc":"17:15:00","flight":"B6022"},{"day":2,"utc":"03:24:00","flight":"B6946"},{"day":2,"utc":"16:03:00","flight":"B6567"},{"day":3,"utc":"17:48:00","flight":"B6852"},{"day":3,"utc":"02:46:00","flight":"B6761"},{"day":3,"utc":"20:16:00","flight":"B6154"},{"day":3,"utc":"13:16:00","flight":"B6225"},{"day":4,"utc":"12:52:00","flight":"B6242"},{"day":4,"utc":"21:17:00","flight":"B6706"},{"day":4,"utc":"17:10:00","flight":"B6695"},{"day":5,"utc":"23:00:00","flight":"B6160"},{"day":5,"utc":"15:29:00","flight":"B6841"},{"day":5,"utc":"03:53:00","flight":"B6699"},{"day":5,"utc":"15:39:00","flight":"B6285"},{"day":6,"utc":"18:13:00","flight":"B6637"},{"day":6,"utc":"02:55:00","flight":"B6149"},{"day":6,"utc":"10:31:00","flight":"B6491"}],"distance":2510.7311779935026}