{"id":57314,"type":"route","airline":"UA","airlineid":"airline_5209","sourceairport":"ORD","destinationairport":"IAD","stops":0,"equipment":"777 320 752 739 73G 753 319","schedule":[{"day":0,"utc":"18:30:00","flight":"UA561"},{"day":1,"utc":"09:41:00","flight":"UA254"},{"day":1,"utc":"15:51:00","flight":"UA020"},{"day":1,"utc":"21:35:00","flight":"UA718"},{"day":1,"utc":"22:52:00","flight":"UA045"},{"day":2,"utc":"10:58:00","flight":"UA773"},{"day":2,"utc":"07:10:00","flight":"UA000"},{"day":2,"utc":"02:10:00","flight":"UA768"},{"day":2,"utc":"20:05:00","flight":"UA437"},{"day":2,"utc":"00:38:00","flight":"UA104"},{"day":3,"utc":"00:50:00","flight":"UA557"},{"day":4,"utc":"12:21:00","flight":"UA983"},{"day":4,"utc":"21:13:00","flight":"UA778"},{"day":5,"utc":"13:06:00","flight":"UA036"},{"day":5,"utc":"20:17:00","flight":"UA691"},{"day":5,"utc":"02:21:00","flight":"UA640"},{"day":5,"utc":"03:58:00","flight":"UA371"},{"day":6,"utc":"02:00:00","flight":"UA730"},{"day":6,"utc":"20:39:00","flight":"UA970"},{"day":6,"utc":"02:58:00","flight":"UA483"},{"day":6,"utc":"03:28:00","flight":"UA970"},{"day":6,"utc":"03:33:00","flight":"UA361"}],"distance":945.4058944010575}