{"id":57366,"type":"route","airline":"UA","airlineid":"airline_5209","sourceairport":"ORD","destinationairport":"RAP","stops":0,"equipment":"ERJ","schedule":[{"day":0,"utc":"04:34:00","flight":"UA225"},{"day":0,"utc":"01:59:00","flight":"UA171"},{"day":0,"utc":"18:11:00","flight":"UA625"},{"day":1,"utc":"05:53:00","flight":"UA949"},{"day":2,"utc":"00:56:00","flight":"UA079"},{"day":3,"utc":"00:45:00","flight":"UA170"},{"day":3,"utc":"09:41:00","flight":"UA340"},{"day":4,"utc":"04:34:00","flight":"UA841"},{"day":4,"utc":"18:03:00","flight":"UA949"},{"day":4,"utc":"14:26:00","flight":"UA790"},{"day":4,"utc":"08:09:00","flight":"UA215"},{"day":5,"utc":"23:24:00","flight":"UA805"},{"day":5,"utc":"11:42:00","flight":"UA119"},{"day":5,"utc":"08:44:00","flight":"UA068"},{"day":6,"utc":"16:11:00","flight":"UA907"}],"distance":1251.359079753697}