{"id":11295,"type":"route","airline":"AP","airlineid":"airline_240","sourceairport":"CTA","destinationairport":"LYS","stops":0,"equipment":"320","schedule":[{"day":0,"utc":"11:52:00","flight":"AP878"},{"day":0,"utc":"05:51:00","flight":"AP277"},{"day":0,"utc":"01:49:00","flight":"AP503"},{"day":1,"utc":"16:42:00","flight":"AP828"},{"day":1,"utc":"11:55:00","flight":"AP991"},{"day":1,"utc":"10:55:00","flight":"AP249"},{"day":1,"utc":"00:37:00","flight":"AP976"},{"day":2,"utc":"17:08:00","flight":"AP036"},{"day":2,"utc":"12:23:00","flight":"AP495"},{"day":2,"utc":"00:52:00","flight":"AP384"},{"day":3,"utc":"21:26:00","flight":"AP563"},{"day":3,"utc":"04:41:00","flight":"AP650"},{"day":3,"utc":"09:57:00","flight":"AP493"},{"day":3,"utc":"17:37:00","flight":"AP488"},{"day":3,"utc":"15:57:00","flight":"AP181"},{"day":4,"utc":"05:30:00","flight":"AP412"},{"day":4,"utc":"01:42:00","flight":"AP436"},{"day":4,"utc":"02:15:00","flight":"AP225"},{"day":5,"utc":"05:57:00","flight":"AP643"},{"day":5,"utc":"05:36:00","flight":"AP560"},{"day":5,"utc":"16:25:00","flight":"AP749"},{"day":5,"utc":"18:53:00","flight":"AP104"},{"day":6,"utc":"23:00:00","flight":"AP818"}],"distance":1235.6531493193133}