{"id":62031,"type":"route","airline":"VX","airlineid":"airline_5331","sourceairport":"SFO","destinationairport":"AUS","stops":0,"equipment":"319","schedule":[{"day":0,"utc":"19:17:00","flight":"VX192"},{"day":0,"utc":"04:50:00","flight":"VX951"},{"day":1,"utc":"17:49:00","flight":"VX429"},{"day":1,"utc":"00:49:00","flight":"VX731"},{"day":1,"utc":"03:02:00","flight":"VX912"},{"day":1,"utc":"02:07:00","flight":"VX797"},{"day":1,"utc":"05:45:00","flight":"VX661"},{"day":2,"utc":"02:21:00","flight":"VX436"},{"day":3,"utc":"03:37:00","flight":"VX264"},{"day":4,"utc":"08:55:00","flight":"VX310"},{"day":5,"utc":"06:24:00","flight":"VX924"},{"day":6,"utc":"13:44:00","flight":"VX088"},{"day":6,"utc":"06:04:00","flight":"VX280"},{"day":6,"utc":"15:42:00","flight":"VX450"},{"day":6,"utc":"13:45:00","flight":"VX220"},{"day":6,"utc":"00:09:00","flight":"VX835"}],"distance":2416.0035377223094}