{"id":64493,"type":"route","airline":"WN","airlineid":"airline_4547","sourceairport":"STL","destinationairport":"FLL","stops":0,"equipment":"733 73W","schedule":[{"day":0,"utc":"02:29:00","flight":"WN796"},{"day":0,"utc":"12:12:00","flight":"WN468"},{"day":0,"utc":"22:34:00","flight":"WN825"},{"day":1,"utc":"01:47:00","flight":"WN102"},{"day":2,"utc":"08:34:00","flight":"WN793"},{"day":2,"utc":"20:43:00","flight":"WN525"},{"day":2,"utc":"18:31:00","flight":"WN483"},{"day":2,"utc":"09:16:00","flight":"WN335"},{"day":3,"utc":"01:05:00","flight":"WN164"},{"day":3,"utc":"22:24:00","flight":"WN111"},{"day":3,"utc":"11:23:00","flight":"WN706"},{"day":3,"utc":"18:42:00","flight":"WN627"},{"day":3,"utc":"10:56:00","flight":"WN569"},{"day":4,"utc":"11:15:00","flight":"WN238"},{"day":4,"utc":"03:23:00","flight":"WN313"},{"day":5,"utc":"10:41:00","flight":"WN102"},{"day":5,"utc":"22:41:00","flight":"WN480"},{"day":6,"utc":"10:53:00","flight":"WN238"}],"distance":1702.2544635675697}