{"id":22867,"type":"route","airline":"EI","airlineid":"airline_837","sourceairport":"BOH","destinationairport":"DUB","stops":0,"equipment":"AT4","schedule":[{"day":0,"utc":"10:16:00","flight":"EI815"},{"day":0,"utc":"09:08:00","flight":"EI635"},{"day":0,"utc":"16:40:00","flight":"EI250"},{"day":0,"utc":"03:17:00","flight":"EI834"},{"day":1,"utc":"02:42:00","flight":"EI351"},{"day":1,"utc":"12:46:00","flight":"EI369"},{"day":1,"utc":"16:02:00","flight":"EI791"},{"day":1,"utc":"10:58:00","flight":"EI638"},{"day":2,"utc":"23:07:00","flight":"EI027"},{"day":2,"utc":"23:03:00","flight":"EI664"},{"day":2,"utc":"05:27:00","flight":"EI138"},{"day":2,"utc":"06:46:00","flight":"EI390"},{"day":3,"utc":"16:25:00","flight":"EI340"},{"day":4,"utc":"09:46:00","flight":"EI602"},{"day":4,"utc":"21:26:00","flight":"EI389"},{"day":5,"utc":"03:25:00","flight":"EI221"},{"day":5,"utc":"05:31:00","flight":"EI486"},{"day":5,"utc":"15:17:00","flight":"EI837"},{"day":6,"utc":"18:58:00","flight":"EI017"},{"day":6,"utc":"20:44:00","flight":"EI320"},{"day":6,"utc":"03:52:00","flight":"EI831"},{"day":6,"utc":"12:09:00","flight":"EI714"}],"distance":421.4215787501905}