{"id":59203,"type":"route","airline":"US","airlineid":"airline_5265","sourceairport":"DRO","destinationairport":"PHX","stops":0,"equipment":"CRJ CR9","schedule":[{"day":0,"utc":"10:39:00","flight":"US273"},{"day":0,"utc":"13:00:00","flight":"US613"},{"day":1,"utc":"22:29:00","flight":"US123"},{"day":1,"utc":"06:11:00","flight":"US961"},{"day":1,"utc":"02:44:00","flight":"US962"},{"day":2,"utc":"07:33:00","flight":"US916"},{"day":2,"utc":"05:19:00","flight":"US159"},{"day":2,"utc":"14:34:00","flight":"US429"},{"day":2,"utc":"06:35:00","flight":"US837"},{"day":2,"utc":"06:40:00","flight":"US195"},{"day":3,"utc":"04:03:00","flight":"US642"},{"day":3,"utc":"03:37:00","flight":"US933"},{"day":3,"utc":"02:56:00","flight":"US449"},{"day":3,"utc":"11:43:00","flight":"US248"},{"day":4,"utc":"21:42:00","flight":"US916"},{"day":5,"utc":"14:10:00","flight":"US966"},{"day":6,"utc":"18:48:00","flight":"US376"},{"day":6,"utc":"19:53:00","flight":"US869"}],"distance":565.7065306593679}