{"id":27940,"type":"route","airline":"FR","airlineid":"airline_4296","sourceairport":"STN","destinationairport":"PMF","stops":0,"equipment":"738","schedule":[{"day":0,"utc":"02:16:00","flight":"FR995"},{"day":0,"utc":"16:09:00","flight":"FR724"},{"day":0,"utc":"09:09:00","flight":"FR794"},{"day":1,"utc":"01:46:00","flight":"FR010"},{"day":1,"utc":"06:41:00","flight":"FR340"},{"day":1,"utc":"03:20:00","flight":"FR334"},{"day":1,"utc":"11:49:00","flight":"FR669"},{"day":2,"utc":"07:41:00","flight":"FR709"},{"day":2,"utc":"07:02:00","flight":"FR505"},{"day":2,"utc":"06:58:00","flight":"FR983"},{"day":3,"utc":"01:27:00","flight":"FR162"},{"day":3,"utc":"08:47:00","flight":"FR788"},{"day":3,"utc":"09:57:00","flight":"FR833"},{"day":3,"utc":"05:30:00","flight":"FR906"},{"day":4,"utc":"21:36:00","flight":"FR801"},{"day":5,"utc":"02:08:00","flight":"FR376"},{"day":6,"utc":"21:39:00","flight":"FR174"},{"day":6,"utc":"04:34:00","flight":"FR111"}],"distance":1079.3199425042028}