{"id":4969,"type":"route","airline":"AA","airlineid":"airline_24","sourceairport":"CLT","destinationairport":"MKE","stops":0,"equipment":"CR7 CRJ CR9","schedule":[{"day":0,"utc":"22:26:00","flight":"AA385"},{"day":0,"utc":"10:25:00","flight":"AA657"},{"day":0,"utc":"21:34:00","flight":"AA350"},{"day":1,"utc":"04:59:00","flight":"AA730"},{"day":1,"utc":"07:14:00","flight":"AA705"},{"day":1,"utc":"11:14:00","flight":"AA731"},{"day":1,"utc":"19:03:00","flight":"AA242"},{"day":1,"utc":"05:38:00","flight":"AA547"},{"day":2,"utc":"19:24:00","flight":"AA793"},{"day":2,"utc":"09:10:00","flight":"AA392"},{"day":2,"utc":"12:09:00","flight":"AA591"},{"day":3,"utc":"18:19:00","flight":"AA375"},{"day":4,"utc":"10:30:00","flight":"AA193"},{"day":4,"utc":"12:16:00","flight":"AA641"},{"day":4,"utc":"19:39:00","flight":"AA885"},{"day":5,"utc":"20:29:00","flight":"AA488"},{"day":5,"utc":"04:52:00","flight":"AA104"},{"day":5,"utc":"08:54:00","flight":"AA051"},{"day":6,"utc":"10:34:00","flight":"AA072"},{"day":6,"utc":"19:46:00","flight":"AA107"},{"day":6,"utc":"21:12:00","flight":"AA223"},{"day":6,"utc":"11:17:00","flight":"AA768"},{"day":6,"utc":"23:59:00","flight":"AA530"}],"distance":1047.7816282102133}