{"id":58785,"type":"route","airline":"US","airlineid":"airline_5265","sourceairport":"CLT","destinationairport":"EWN","stops":0,"equipment":"DH3 CRJ DH8 CR7","schedule":[{"day":0,"utc":"17:03:00","flight":"US774"},{"day":0,"utc":"16:39:00","flight":"US697"},{"day":0,"utc":"19:10:00","flight":"US220"},{"day":0,"utc":"14:37:00","flight":"US531"},{"day":0,"utc":"15:36:00","flight":"US869"},{"day":1,"utc":"23:54:00","flight":"US187"},{"day":2,"utc":"20:06:00","flight":"US279"},{"day":3,"utc":"10:50:00","flight":"US700"},{"day":3,"utc":"04:53:00","flight":"US721"},{"day":3,"utc":"03:46:00","flight":"US425"},{"day":4,"utc":"03:36:00","flight":"US764"},{"day":4,"utc":"16:27:00","flight":"US517"},{"day":4,"utc":"15:53:00","flight":"US570"},{"day":5,"utc":"15:08:00","flight":"US666"},{"day":5,"utc":"20:11:00","flight":"US095"},{"day":5,"utc":"08:57:00","flight":"US929"},{"day":5,"utc":"21:43:00","flight":"US150"},{"day":5,"utc":"04:51:00","flight":"US476"},{"day":6,"utc":"13:35:00","flight":"US201"},{"day":6,"utc":"10:15:00","flight":"US645"},{"day":6,"utc":"15:58:00","flight":"US891"},{"day":6,"utc":"12:32:00","flight":"US280"},{"day":6,"utc":"20:15:00","flight":"US572"}],"distance":354.95101125144146}