{"id":56729,"type":"route","airline":"UA","airlineid":"airline_5209","sourceairport":"IAH","destinationairport":"CLL","stops":0,"equipment":"ERJ","schedule":[{"day":0,"utc":"04:26:00","flight":"UA327"},{"day":0,"utc":"22:23:00","flight":"UA702"},{"day":0,"utc":"10:10:00","flight":"UA077"},{"day":0,"utc":"19:13:00","flight":"UA907"},{"day":0,"utc":"14:54:00","flight":"UA609"},{"day":1,"utc":"18:08:00","flight":"UA030"},{"day":2,"utc":"02:46:00","flight":"UA524"},{"day":2,"utc":"21:52:00","flight":"UA061"},{"day":2,"utc":"19:41:00","flight":"UA045"},{"day":2,"utc":"15:49:00","flight":"UA152"},{"day":2,"utc":"00:57:00","flight":"UA029"},{"day":3,"utc":"04:58:00","flight":"UA718"},{"day":3,"utc":"12:21:00","flight":"UA550"},{"day":3,"utc":"05:48:00","flight":"UA442"},{"day":3,"utc":"22:43:00","flight":"UA954"},{"day":4,"utc":"15:26:00","flight":"UA502"},{"day":4,"utc":"11:45:00","flight":"UA739"},{"day":4,"utc":"02:34:00","flight":"UA633"},{"day":4,"utc":"21:57:00","flight":"UA459"},{"day":5,"utc":"19:43:00","flight":"UA760"},{"day":5,"utc":"11:34:00","flight":"UA211"},{"day":5,"utc":"19:16:00","flight":"UA206"},{"day":6,"utc":"19:07:00","flight":"UA280"}],"distance":118.9525992316736}