{"id":57714,"type":"route","airline":"UA","airlineid":"airline_5209","sourceairport":"SGF","destinationairport":"DEN","stops":0,"equipment":"ERJ CRJ","schedule":[{"day":0,"utc":"01:29:00","flight":"UA125"},{"day":0,"utc":"17:14:00","flight":"UA249"},{"day":1,"utc":"03:51:00","flight":"UA494"},{"day":1,"utc":"05:05:00","flight":"UA773"},{"day":1,"utc":"10:42:00","flight":"UA729"},{"day":1,"utc":"20:45:00","flight":"UA684"},{"day":2,"utc":"05:45:00","flight":"UA622"},{"day":2,"utc":"22:12:00","flight":"UA623"},{"day":2,"utc":"17:40:00","flight":"UA360"},{"day":2,"utc":"05:09:00","flight":"UA780"},{"day":2,"utc":"17:43:00","flight":"UA164"},{"day":3,"utc":"05:05:00","flight":"UA471"},{"day":3,"utc":"02:36:00","flight":"UA571"},{"day":3,"utc":"12:36:00","flight":"UA661"},{"day":3,"utc":"00:38:00","flight":"UA557"},{"day":3,"utc":"07:54:00","flight":"UA296"},{"day":4,"utc":"22:32:00","flight":"UA245"},{"day":5,"utc":"02:55:00","flight":"UA285"},{"day":6,"utc":"15:50:00","flight":"UA732"},{"day":6,"utc":"22:07:00","flight":"UA458"}],"distance":1022.6489025446508}