{"id":5035,"type":"route","airline":"AA","airlineid":"airline_24","sourceairport":"CMI","destinationairport":"DFW","stops":0,"equipment":"ER4","schedule":[{"day":0,"utc":"15:36:00","flight":"AA414"},{"day":0,"utc":"13:33:00","flight":"AA061"},{"day":0,"utc":"00:11:00","flight":"AA904"},{"day":1,"utc":"20:58:00","flight":"AA664"},{"day":1,"utc":"01:02:00","flight":"AA027"},{"day":1,"utc":"14:58:00","flight":"AA872"},{"day":1,"utc":"19:20:00","flight":"AA076"},{"day":2,"utc":"02:16:00","flight":"AA286"},{"day":3,"utc":"18:03:00","flight":"AA530"},{"day":3,"utc":"11:10:00","flight":"AA983"},{"day":3,"utc":"16:33:00","flight":"AA151"},{"day":3,"utc":"03:26:00","flight":"AA903"},{"day":4,"utc":"10:43:00","flight":"AA528"},{"day":5,"utc":"18:48:00","flight":"AA613"},{"day":5,"utc":"16:40:00","flight":"AA019"},{"day":5,"utc":"11:46:00","flight":"AA090"},{"day":5,"utc":"11:19:00","flight":"AA082"},{"day":5,"utc":"22:51:00","flight":"AA032"},{"day":6,"utc":"15:26:00","flight":"AA656"},{"day":6,"utc":"01:53:00","flight":"AA054"},{"day":6,"utc":"14:07:00","flight":"AA701"},{"day":6,"utc":"13:54:00","flight":"AA189"}],"distance":1114.377553426619}