{"id":53739,"type":"route","airline":"TP","airlineid":"airline_4869","sourceairport":"LIS","destinationairport":"PHL","stops":0,"equipment":"752","schedule":[{"day":0,"utc":"02:33:00","flight":"TP300"},{"day":0,"utc":"00:20:00","flight":"TP845"},{"day":0,"utc":"03:59:00","flight":"TP497"},{"day":1,"utc":"12:42:00","flight":"TP450"},{"day":1,"utc":"05:54:00","flight":"TP329"},{"day":1,"utc":"05:41:00","flight":"TP285"},{"day":1,"utc":"05:16:00","flight":"TP979"},{"day":1,"utc":"11:20:00","flight":"TP736"},{"day":2,"utc":"06:43:00","flight":"TP017"},{"day":2,"utc":"12:28:00","flight":"TP579"},{"day":2,"utc":"20:23:00","flight":"TP467"},{"day":2,"utc":"17:00:00","flight":"TP957"},{"day":2,"utc":"13:52:00","flight":"TP394"},{"day":3,"utc":"11:56:00","flight":"TP478"},{"day":3,"utc":"06:22:00","flight":"TP780"},{"day":3,"utc":"09:06:00","flight":"TP617"},{"day":3,"utc":"07:21:00","flight":"TP690"},{"day":4,"utc":"14:20:00","flight":"TP943"},{"day":4,"utc":"16:16:00","flight":"TP291"},{"day":4,"utc":"17:44:00","flight":"TP641"},{"day":4,"utc":"06:37:00","flight":"TP765"},{"day":5,"utc":"00:57:00","flight":"TP444"},{"day":6,"utc":"03:56:00","flight":"TP461"},{"day":6,"utc":"10:56:00","flight":"TP868"}],"distance":5550.692074213917}