{"id":58487,"type":"route","airline":"UP","airlineid":"airline_1403","sourceairport":"PBI","destinationairport":"MHH","stops":0,"equipment":"DH8","schedule":[{"day":0,"utc":"17:39:00","flight":"UP259"},{"day":1,"utc":"05:20:00","flight":"UP197"},{"day":2,"utc":"02:17:00","flight":"UP713"},{"day":2,"utc":"10:47:00","flight":"UP518"},{"day":3,"utc":"11:17:00","flight":"UP190"},{"day":3,"utc":"12:09:00","flight":"UP826"},{"day":3,"utc":"08:43:00","flight":"UP436"},{"day":3,"utc":"19:39:00","flight":"UP934"},{"day":3,"utc":"03:57:00","flight":"UP326"},{"day":4,"utc":"18:43:00","flight":"UP187"},{"day":4,"utc":"22:10:00","flight":"UP955"},{"day":4,"utc":"07:29:00","flight":"UP890"},{"day":4,"utc":"06:40:00","flight":"UP312"},{"day":4,"utc":"01:56:00","flight":"UP375"},{"day":5,"utc":"09:22:00","flight":"UP955"},{"day":5,"utc":"11:13:00","flight":"UP182"},{"day":5,"utc":"10:30:00","flight":"UP011"},{"day":6,"utc":"08:50:00","flight":"UP851"},{"day":6,"utc":"12:16:00","flight":"UP875"},{"day":6,"utc":"23:26:00","flight":"UP880"},{"day":6,"utc":"14:52:00","flight":"UP629"},{"day":6,"utc":"03:59:00","flight":"UP049"}],"distance":300.08932409644075}