{"id":38176,"type":"route","airline":"LH","airlineid":"airline_3320","sourceairport":"EWR","destinationairport":"BRU","stops":0,"equipment":"764 777","schedule":[{"day":0,"utc":"05:47:00","flight":"LH493"},{"day":0,"utc":"18:50:00","flight":"LH630"},{"day":1,"utc":"14:21:00","flight":"LH338"},{"day":2,"utc":"00:59:00","flight":"LH097"},{"day":2,"utc":"02:55:00","flight":"LH565"},{"day":2,"utc":"20:21:00","flight":"LH647"},{"day":2,"utc":"02:41:00","flight":"LH731"},{"day":3,"utc":"20:12:00","flight":"LH849"},{"day":3,"utc":"22:12:00","flight":"LH384"},{"day":3,"utc":"03:18:00","flight":"LH356"},{"day":3,"utc":"13:56:00","flight":"LH108"},{"day":4,"utc":"20:08:00","flight":"LH558"},{"day":5,"utc":"09:30:00","flight":"LH231"},{"day":6,"utc":"17:50:00","flight":"LH760"},{"day":6,"utc":"06:18:00","flight":"LH994"}],"distance":5907.223382088284}