{"id":10863,"type":"route","airline":"AM","airlineid":"airline_321","sourceairport":"ATL","destinationairport":"CUN","stops":0,"equipment":"M88 757 320","schedule":[{"day":0,"utc":"08:44:00","flight":"AM550"},{"day":0,"utc":"16:31:00","flight":"AM469"},{"day":0,"utc":"17:46:00","flight":"AM500"},{"day":0,"utc":"05:29:00","flight":"AM752"},{"day":0,"utc":"07:06:00","flight":"AM774"},{"day":1,"utc":"09:39:00","flight":"AM122"},{"day":1,"utc":"22:30:00","flight":"AM968"},{"day":2,"utc":"15:19:00","flight":"AM599"},{"day":2,"utc":"22:53:00","flight":"AM868"},{"day":2,"utc":"04:45:00","flight":"AM020"},{"day":2,"utc":"09:16:00","flight":"AM645"},{"day":3,"utc":"01:06:00","flight":"AM201"},{"day":3,"utc":"17:34:00","flight":"AM497"},{"day":3,"utc":"12:04:00","flight":"AM540"},{"day":3,"utc":"11:48:00","flight":"AM899"},{"day":3,"utc":"03:31:00","flight":"AM415"},{"day":4,"utc":"22:02:00","flight":"AM164"},{"day":4,"utc":"08:04:00","flight":"AM095"},{"day":5,"utc":"16:04:00","flight":"AM142"},{"day":5,"utc":"03:58:00","flight":"AM955"},{"day":5,"utc":"20:42:00","flight":"AM470"},{"day":5,"utc":"12:08:00","flight":"AM609"},{"day":5,"utc":"08:49:00","flight":"AM191"},{"day":6,"utc":"14:00:00","flight":"AM251"},{"day":6,"utc":"18:45:00","flight":"AM977"},{"day":6,"utc":"16:04:00","flight":"AM068"}],"distance":1421.6570369292292}