{"id":60707,"type":"route","airline":"UX","airlineid":"airline_90","sourceairport":"VLC","destinationairport":"CDG","stops":0,"equipment":"738","schedule":[{"day":0,"utc":"20:28:00","flight":"UX288"},{"day":0,"utc":"20:11:00","flight":"UX587"},{"day":0,"utc":"21:25:00","flight":"UX561"},{"day":1,"utc":"08:53:00","flight":"UX742"},{"day":1,"utc":"06:22:00","flight":"UX787"},{"day":1,"utc":"05:45:00","flight":"UX811"},{"day":1,"utc":"21:49:00","flight":"UX788"},{"day":1,"utc":"07:53:00","flight":"UX665"},{"day":2,"utc":"14:26:00","flight":"UX495"},{"day":2,"utc":"03:24:00","flight":"UX442"},{"day":2,"utc":"15:27:00","flight":"UX787"},{"day":2,"utc":"03:48:00","flight":"UX645"},{"day":2,"utc":"12:17:00","flight":"UX634"},{"day":3,"utc":"10:32:00","flight":"UX616"},{"day":3,"utc":"03:52:00","flight":"UX243"},{"day":3,"utc":"05:44:00","flight":"UX663"},{"day":3,"utc":"17:59:00","flight":"UX469"},{"day":4,"utc":"08:44:00","flight":"UX279"},{"day":4,"utc":"10:29:00","flight":"UX861"},{"day":4,"utc":"23:19:00","flight":"UX451"},{"day":4,"utc":"17:24:00","flight":"UX171"},{"day":5,"utc":"01:11:00","flight":"UX909"},{"day":5,"utc":"13:50:00","flight":"UX142"},{"day":5,"utc":"15:23:00","flight":"UX590"},{"day":5,"utc":"00:04:00","flight":"UX513"},{"day":5,"utc":"14:23:00","flight":"UX477"},{"day":6,"utc":"12:52:00","flight":"UX839"},{"day":6,"utc":"16:31:00","flight":"UX018"},{"day":6,"utc":"16:30:00","flight":"UX905"},{"day":6,"utc":"08:31:00","flight":"UX281"}],"distance":1085.899774903118}