{"id":64763,"type":"route","airline":"WS","airlineid":"airline_5416","sourceairport":"YVR","destinationairport":"PSP","stops":0,"equipment":"73W","schedule":[{"day":0,"utc":"23:42:00","flight":"WS104"},{"day":0,"utc":"03:13:00","flight":"WS596"},{"day":0,"utc":"15:35:00","flight":"WS219"},{"day":0,"utc":"01:06:00","flight":"WS761"},{"day":1,"utc":"05:57:00","flight":"WS057"},{"day":1,"utc":"09:27:00","flight":"WS560"},{"day":2,"utc":"22:21:00","flight":"WS838"},{"day":2,"utc":"07:31:00","flight":"WS516"},{"day":2,"utc":"14:21:00","flight":"WS656"},{"day":2,"utc":"16:03:00","flight":"WS409"},{"day":2,"utc":"00:36:00","flight":"WS669"},{"day":3,"utc":"19:26:00","flight":"WS620"},{"day":3,"utc":"02:25:00","flight":"WS610"},{"day":3,"utc":"17:02:00","flight":"WS780"},{"day":4,"utc":"11:28:00","flight":"WS481"},{"day":4,"utc":"08:03:00","flight":"WS955"},{"day":4,"utc":"03:30:00","flight":"WS083"},{"day":4,"utc":"06:40:00","flight":"WS722"},{"day":4,"utc":"08:10:00","flight":"WS970"},{"day":5,"utc":"04:47:00","flight":"WS161"},{"day":5,"utc":"05:54:00","flight":"WS649"},{"day":6,"utc":"16:06:00","flight":"WS067"},{"day":6,"utc":"09:17:00","flight":"WS345"},{"day":6,"utc":"06:38:00","flight":"WS796"},{"day":6,"utc":"11:18:00","flight":"WS700"},{"day":6,"utc":"21:36:00","flight":"WS968"}],"distance":1794.8490780599454}