{"id":20509,"type":"route","airline":"DL","airlineid":"airline_2009","sourceairport":"CVG","destinationairport":"PIT","stops":0,"equipment":"ERJ","schedule":[{"day":0,"utc":"04:20:00","flight":"DL258"},{"day":0,"utc":"23:51:00","flight":"DL967"},{"day":1,"utc":"13:53:00","flight":"DL968"},{"day":2,"utc":"03:13:00","flight":"DL134"},{"day":2,"utc":"13:39:00","flight":"DL433"},{"day":2,"utc":"16:17:00","flight":"DL048"},{"day":3,"utc":"03:02:00","flight":"DL769"},{"day":4,"utc":"11:44:00","flight":"DL770"},{"day":4,"utc":"01:18:00","flight":"DL124"},{"day":4,"utc":"03:12:00","flight":"DL870"},{"day":5,"utc":"05:23:00","flight":"DL398"},{"day":5,"utc":"15:17:00","flight":"DL176"},{"day":6,"utc":"12:35:00","flight":"DL716"},{"day":6,"utc":"03:49:00","flight":"DL773"},{"day":6,"utc":"11:05:00","flight":"DL601"},{"day":6,"utc":"06:46:00","flight":"DL197"}],"distance":411.52164495339656}