{"id":54194,"type":"route","airline":"TU","airlineid":"airline_4870","sourceairport":"TOE","destinationairport":"ORY","stops":0,"equipment":"736","schedule":[{"day":0,"utc":"16:10:00","flight":"TU976"},{"day":1,"utc":"18:29:00","flight":"TU892"},{"day":1,"utc":"04:47:00","flight":"TU016"},{"day":2,"utc":"22:34:00","flight":"TU444"},{"day":2,"utc":"15:29:00","flight":"TU893"},{"day":2,"utc":"10:10:00","flight":"TU227"},{"day":2,"utc":"14:43:00","flight":"TU055"},{"day":3,"utc":"04:39:00","flight":"TU718"},{"day":3,"utc":"06:54:00","flight":"TU013"},{"day":3,"utc":"18:15:00","flight":"TU656"},{"day":4,"utc":"15:07:00","flight":"TU334"},{"day":4,"utc":"13:49:00","flight":"TU092"},{"day":5,"utc":"07:02:00","flight":"TU261"},{"day":6,"utc":"01:13:00","flight":"TU512"},{"day":6,"utc":"04:17:00","flight":"TU949"},{"day":6,"utc":"17:28:00","flight":"TU350"},{"day":6,"utc":"16:10:00","flight":"TU343"},{"day":6,"utc":"10:43:00","flight":"TU265"}],"distance":1711.4981031288785}