{"id":12394,"type":"route","airline":"AV","airlineid":"airline_515","sourceairport":"DFW","destinationairport":"SAL","stops":0,"equipment":"E90","schedule":[{"day":0,"utc":"23:34:00","flight":"AV179"},{"day":0,"utc":"03:13:00","flight":"AV436"},{"day":0,"utc":"20:47:00","flight":"AV595"},{"day":0,"utc":"04:13:00","flight":"AV132"},{"day":0,"utc":"13:13:00","flight":"AV630"},{"day":1,"utc":"23:24:00","flight":"AV023"},{"day":1,"utc":"04:34:00","flight":"AV033"},{"day":1,"utc":"21:31:00","flight":"AV327"},{"day":2,"utc":"23:38:00","flight":"AV464"},{"day":3,"utc":"15:08:00","flight":"AV209"},{"day":3,"utc":"08:08:00","flight":"AV560"},{"day":3,"utc":"13:38:00","flight":"AV258"},{"day":3,"utc":"01:52:00","flight":"AV592"},{"day":4,"utc":"10:17:00","flight":"AV397"},{"day":4,"utc":"08:48:00","flight":"AV495"},{"day":5,"utc":"13:17:00","flight":"AV189"},{"day":5,"utc":"13:55:00","flight":"AV651"},{"day":5,"utc":"05:36:00","flight":"AV305"},{"day":5,"utc":"03:17:00","flight":"AV240"},{"day":5,"utc":"20:01:00","flight":"AV406"},{"day":6,"utc":"04:33:00","flight":"AV121"},{"day":6,"utc":"21:34:00","flight":"AV170"},{"day":6,"utc":"05:56:00","flight":"AV315"}],"distance":2309.9802746505793}