{"id":64227,"type":"route","airline":"WN","airlineid":"airline_4547","sourceairport":"OMA","destinationairport":"PHX","stops":0,"equipment":"733 73C 73W","schedule":[{"day":0,"utc":"19:05:00","flight":"WN716"},{"day":0,"utc":"03:20:00","flight":"WN249"},{"day":1,"utc":"10:54:00","flight":"WN675"},{"day":1,"utc":"21:45:00","flight":"WN400"},{"day":1,"utc":"01:11:00","flight":"WN654"},{"day":1,"utc":"09:32:00","flight":"WN616"},{"day":2,"utc":"17:44:00","flight":"WN690"},{"day":2,"utc":"03:10:00","flight":"WN623"},{"day":2,"utc":"20:35:00","flight":"WN902"},{"day":2,"utc":"02:22:00","flight":"WN955"},{"day":2,"utc":"11:29:00","flight":"WN775"},{"day":3,"utc":"07:19:00","flight":"WN436"},{"day":3,"utc":"04:55:00","flight":"WN469"},{"day":4,"utc":"17:43:00","flight":"WN042"},{"day":5,"utc":"06:21:00","flight":"WN334"},{"day":5,"utc":"05:47:00","flight":"WN995"},{"day":5,"utc":"16:18:00","flight":"WN747"},{"day":5,"utc":"00:48:00","flight":"WN958"},{"day":6,"utc":"23:38:00","flight":"WN003"}],"distance":1667.508291184548}