{"id":13021,"type":"route","airline":"AZ","airlineid":"airline_596","sourceairport":"ATL","destinationairport":"OMA","stops":0,"equipment":"M88 M90","schedule":[{"day":0,"utc":"05:39:00","flight":"AZ845"},{"day":1,"utc":"03:49:00","flight":"AZ098"},{"day":1,"utc":"21:17:00","flight":"AZ838"},{"day":2,"utc":"09:49:00","flight":"AZ325"},{"day":2,"utc":"11:58:00","flight":"AZ018"},{"day":2,"utc":"18:02:00","flight":"AZ891"},{"day":2,"utc":"08:00:00","flight":"AZ837"},{"day":2,"utc":"07:42:00","flight":"AZ036"},{"day":3,"utc":"13:12:00","flight":"AZ840"},{"day":4,"utc":"11:40:00","flight":"AZ170"},{"day":4,"utc":"02:03:00","flight":"AZ206"},{"day":4,"utc":"06:19:00","flight":"AZ474"},{"day":5,"utc":"15:05:00","flight":"AZ224"},{"day":5,"utc":"20:54:00","flight":"AZ051"},{"day":6,"utc":"22:13:00","flight":"AZ769"},{"day":6,"utc":"06:02:00","flight":"AZ829"}],"distance":1321.0440698274822}