{"id":6943,"type":"route","airline":"AA","airlineid":"airline_24","sourceairport":"VPS","destinationairport":"DCA","stops":0,"equipment":"CRJ","schedule":[{"day":0,"utc":"18:16:00","flight":"AA539"},{"day":1,"utc":"22:39:00","flight":"AA717"},{"day":2,"utc":"19:16:00","flight":"AA006"},{"day":2,"utc":"18:13:00","flight":"AA915"},{"day":3,"utc":"11:42:00","flight":"AA315"},{"day":3,"utc":"17:00:00","flight":"AA270"},{"day":4,"utc":"10:55:00","flight":"AA044"},{"day":4,"utc":"22:25:00","flight":"AA018"},{"day":4,"utc":"21:51:00","flight":"AA274"},{"day":4,"utc":"09:22:00","flight":"AA428"},{"day":5,"utc":"08:10:00","flight":"AA802"},{"day":6,"utc":"15:42:00","flight":"AA789"},{"day":6,"utc":"20:54:00","flight":"AA680"},{"day":6,"utc":"13:01:00","flight":"AA471"},{"day":6,"utc":"16:46:00","flight":"AA665"},{"day":6,"utc":"19:55:00","flight":"AA423"}],"distance":1270.8346353908166}