{"id":11724,"type":"route","airline":"AS","airlineid":"airline_439","sourceairport":"LAX","destinationairport":"OGG","stops":0,"equipment":"757","schedule":[{"day":0,"utc":"18:25:00","flight":"AS724"},{"day":1,"utc":"11:28:00","flight":"AS411"},{"day":1,"utc":"03:50:00","flight":"AS767"},{"day":2,"utc":"00:39:00","flight":"AS192"},{"day":2,"utc":"08:10:00","flight":"AS139"},{"day":2,"utc":"09:30:00","flight":"AS177"},{"day":2,"utc":"22:32:00","flight":"AS309"},{"day":2,"utc":"15:46:00","flight":"AS834"},{"day":3,"utc":"11:41:00","flight":"AS984"},{"day":4,"utc":"14:44:00","flight":"AS578"},{"day":5,"utc":"02:01:00","flight":"AS620"},{"day":5,"utc":"16:26:00","flight":"AS969"},{"day":5,"utc":"15:30:00","flight":"AS940"},{"day":5,"utc":"03:52:00","flight":"AS730"},{"day":5,"utc":"16:03:00","flight":"AS357"},{"day":6,"utc":"05:54:00","flight":"AS789"},{"day":6,"utc":"23:43:00","flight":"AS500"},{"day":6,"utc":"18:52:00","flight":"AS943"},{"day":6,"utc":"18:33:00","flight":"AS322"}],"distance":3995.4467569645235}