{"id":56324,"type":"route","airline":"UA","airlineid":"airline_5209","sourceairport":"EWR","destinationairport":"GCM","stops":0,"equipment":"739","schedule":[{"day":0,"utc":"09:30:00","flight":"UA835"},{"day":0,"utc":"19:13:00","flight":"UA358"},{"day":0,"utc":"10:47:00","flight":"UA083"},{"day":0,"utc":"21:37:00","flight":"UA920"},{"day":1,"utc":"16:05:00","flight":"UA320"},{"day":1,"utc":"02:08:00","flight":"UA726"},{"day":2,"utc":"12:22:00","flight":"UA885"},{"day":2,"utc":"06:53:00","flight":"UA876"},{"day":2,"utc":"15:36:00","flight":"UA673"},{"day":2,"utc":"04:55:00","flight":"UA897"},{"day":2,"utc":"19:58:00","flight":"UA042"},{"day":3,"utc":"21:11:00","flight":"UA508"},{"day":3,"utc":"14:22:00","flight":"UA288"},{"day":3,"utc":"11:44:00","flight":"UA877"},{"day":3,"utc":"06:39:00","flight":"UA989"},{"day":3,"utc":"07:55:00","flight":"UA215"},{"day":4,"utc":"06:29:00","flight":"UA048"},{"day":4,"utc":"11:59:00","flight":"UA381"},{"day":4,"utc":"17:27:00","flight":"UA391"},{"day":4,"utc":"04:02:00","flight":"UA169"},{"day":5,"utc":"23:39:00","flight":"UA272"},{"day":5,"utc":"11:17:00","flight":"UA413"},{"day":5,"utc":"18:37:00","flight":"UA110"},{"day":5,"utc":"17:58:00","flight":"UA650"},{"day":6,"utc":"16:08:00","flight":"UA708"}],"distance":2475.918384816418}