{"id":58667,"type":"route","airline":"US","airlineid":"airline_5265","sourceairport":"BOI","destinationairport":"PHX","stops":0,"equipment":"319","schedule":[{"day":0,"utc":"18:33:00","flight":"US271"},{"day":0,"utc":"01:06:00","flight":"US584"},{"day":0,"utc":"03:15:00","flight":"US134"},{"day":0,"utc":"01:11:00","flight":"US561"},{"day":1,"utc":"01:31:00","flight":"US471"},{"day":1,"utc":"01:05:00","flight":"US983"},{"day":1,"utc":"21:57:00","flight":"US904"},{"day":2,"utc":"20:54:00","flight":"US103"},{"day":3,"utc":"13:48:00","flight":"US851"},{"day":3,"utc":"09:04:00","flight":"US288"},{"day":4,"utc":"13:34:00","flight":"US945"},{"day":5,"utc":"10:56:00","flight":"US829"},{"day":5,"utc":"20:26:00","flight":"US791"},{"day":5,"utc":"07:46:00","flight":"US432"},{"day":6,"utc":"07:07:00","flight":"US147"},{"day":6,"utc":"11:30:00","flight":"US445"}],"distance":1184.0923185399938}