{"id":6935,"type":"route","airline":"AA","airlineid":"airline_24","sourceairport":"UIO","destinationairport":"MIA","stops":0,"equipment":"757","schedule":[{"day":0,"utc":"23:48:00","flight":"AA344"},{"day":0,"utc":"19:38:00","flight":"AA972"},{"day":0,"utc":"23:05:00","flight":"AA333"},{"day":0,"utc":"21:14:00","flight":"AA171"},{"day":1,"utc":"06:57:00","flight":"AA664"},{"day":1,"utc":"14:41:00","flight":"AA669"},{"day":1,"utc":"15:39:00","flight":"AA379"},{"day":1,"utc":"04:12:00","flight":"AA110"},{"day":1,"utc":"14:58:00","flight":"AA379"},{"day":2,"utc":"04:40:00","flight":"AA934"},{"day":3,"utc":"05:20:00","flight":"AA624"},{"day":3,"utc":"04:46:00","flight":"AA633"},{"day":4,"utc":"08:57:00","flight":"AA366"},{"day":4,"utc":"01:27:00","flight":"AA364"},{"day":4,"utc":"06:48:00","flight":"AA783"},{"day":5,"utc":"17:09:00","flight":"AA737"},{"day":6,"utc":"04:29:00","flight":"AA072"},{"day":6,"utc":"07:45:00","flight":"AA456"}],"distance":2890.255139111041}