{"id":3600,"type":"route","airline":"9E","airlineid":"airline_3976","sourceairport":"MSY","destinationairport":"MSP","stops":0,"equipment":"CR9","schedule":[{"day":0,"utc":"03:04:00","flight":"9E238"},{"day":0,"utc":"23:21:00","flight":"9E154"},{"day":0,"utc":"13:33:00","flight":"9E537"},{"day":0,"utc":"17:12:00","flight":"9E794"},{"day":0,"utc":"11:18:00","flight":"9E048"},{"day":1,"utc":"12:34:00","flight":"9E528"},{"day":1,"utc":"06:06:00","flight":"9E896"},{"day":1,"utc":"23:38:00","flight":"9E304"},{"day":1,"utc":"23:58:00","flight":"9E651"},{"day":2,"utc":"00:43:00","flight":"9E029"},{"day":2,"utc":"05:20:00","flight":"9E041"},{"day":2,"utc":"13:21:00","flight":"9E244"},{"day":3,"utc":"16:18:00","flight":"9E951"},{"day":3,"utc":"10:49:00","flight":"9E613"},{"day":3,"utc":"03:20:00","flight":"9E438"},{"day":4,"utc":"07:23:00","flight":"9E242"},{"day":5,"utc":"06:26:00","flight":"9E200"},{"day":5,"utc":"17:27:00","flight":"9E456"},{"day":5,"utc":"15:23:00","flight":"9E428"},{"day":6,"utc":"23:21:00","flight":"9E663"},{"day":6,"utc":"19:00:00","flight":"9E970"},{"day":6,"utc":"06:42:00","flight":"9E035"},{"day":6,"utc":"20:06:00","flight":"9E476"}],"distance":1675.7649838252405}