{"id":20614,"type":"route","airline":"DL","airlineid":"airline_2009","sourceairport":"DTW","destinationairport":"ERI","stops":0,"equipment":"ERJ","schedule":[{"day":0,"utc":"22:28:00","flight":"DL276"},{"day":1,"utc":"19:32:00","flight":"DL354"},{"day":1,"utc":"10:38:00","flight":"DL829"},{"day":2,"utc":"01:01:00","flight":"DL388"},{"day":2,"utc":"09:25:00","flight":"DL022"},{"day":2,"utc":"22:02:00","flight":"DL646"},{"day":2,"utc":"13:55:00","flight":"DL718"},{"day":2,"utc":"10:16:00","flight":"DL312"},{"day":3,"utc":"19:59:00","flight":"DL715"},{"day":3,"utc":"13:52:00","flight":"DL555"},{"day":4,"utc":"08:49:00","flight":"DL989"},{"day":4,"utc":"10:54:00","flight":"DL318"},{"day":5,"utc":"09:04:00","flight":"DL990"},{"day":5,"utc":"08:52:00","flight":"DL370"},{"day":5,"utc":"14:34:00","flight":"DL216"},{"day":5,"utc":"15:44:00","flight":"DL428"},{"day":5,"utc":"20:07:00","flight":"DL404"},{"day":6,"utc":"15:14:00","flight":"DL021"},{"day":6,"utc":"08:25:00","flight":"DL941"},{"day":6,"utc":"07:30:00","flight":"DL133"},{"day":6,"utc":"17:36:00","flight":"DL163"},{"day":6,"utc":"03:55:00","flight":"DL158"}],"distance":262.31976818885323}