{"id":56582,"type":"route","airline":"UA","airlineid":"airline_5209","sourceairport":"HNL","destinationairport":"OGG","stops":0,"equipment":"AT7","schedule":[{"day":0,"utc":"21:25:00","flight":"UA077"},{"day":0,"utc":"01:17:00","flight":"UA641"},{"day":0,"utc":"02:40:00","flight":"UA707"},{"day":1,"utc":"06:48:00","flight":"UA675"},{"day":1,"utc":"02:53:00","flight":"UA696"},{"day":2,"utc":"22:44:00","flight":"UA833"},{"day":3,"utc":"05:14:00","flight":"UA830"},{"day":3,"utc":"00:17:00","flight":"UA167"},{"day":3,"utc":"18:22:00","flight":"UA580"},{"day":4,"utc":"02:02:00","flight":"UA845"},{"day":5,"utc":"05:06:00","flight":"UA248"},{"day":5,"utc":"14:35:00","flight":"UA481"},{"day":6,"utc":"15:48:00","flight":"UA534"},{"day":6,"utc":"09:44:00","flight":"UA304"},{"day":6,"utc":"21:54:00","flight":"UA102"},{"day":6,"utc":"06:47:00","flight":"UA943"}],"distance":161.66023125834406}