{"id":21747,"type":"route","airline":"DL","airlineid":"airline_2009","sourceairport":"SFO","destinationairport":"AMS","stops":0,"equipment":"747","schedule":[{"day":0,"utc":"06:49:00","flight":"DL672"},{"day":1,"utc":"05:30:00","flight":"DL377"},{"day":1,"utc":"19:33:00","flight":"DL564"},{"day":1,"utc":"04:50:00","flight":"DL579"},{"day":1,"utc":"18:40:00","flight":"DL984"},{"day":2,"utc":"06:59:00","flight":"DL660"},{"day":2,"utc":"01:49:00","flight":"DL420"},{"day":2,"utc":"23:47:00","flight":"DL390"},{"day":2,"utc":"04:43:00","flight":"DL070"},{"day":2,"utc":"15:49:00","flight":"DL702"},{"day":3,"utc":"22:14:00","flight":"DL144"},{"day":3,"utc":"18:47:00","flight":"DL429"},{"day":3,"utc":"23:41:00","flight":"DL143"},{"day":4,"utc":"20:22:00","flight":"DL018"},{"day":4,"utc":"01:45:00","flight":"DL885"},{"day":4,"utc":"00:26:00","flight":"DL166"},{"day":4,"utc":"15:35:00","flight":"DL864"},{"day":4,"utc":"13:10:00","flight":"DL032"},{"day":5,"utc":"03:15:00","flight":"DL774"},{"day":5,"utc":"21:14:00","flight":"DL571"},{"day":5,"utc":"03:55:00","flight":"DL177"},{"day":6,"utc":"03:10:00","flight":"DL944"},{"day":6,"utc":"20:15:00","flight":"DL027"}],"distance":8785.517612809093}