{"id":5426,"type":"route","airline":"AA","airlineid":"airline_24","sourceairport":"FDF","destinationairport":"SJU","stops":0,"equipment":"SF3","schedule":[{"day":0,"utc":"09:04:00","flight":"AA398"},{"day":1,"utc":"17:57:00","flight":"AA620"},{"day":1,"utc":"15:37:00","flight":"AA842"},{"day":1,"utc":"09:41:00","flight":"AA239"},{"day":1,"utc":"12:53:00","flight":"AA177"},{"day":1,"utc":"08:36:00","flight":"AA569"},{"day":2,"utc":"18:34:00","flight":"AA302"},{"day":3,"utc":"03:56:00","flight":"AA929"},{"day":3,"utc":"12:37:00","flight":"AA116"},{"day":4,"utc":"01:49:00","flight":"AA911"},{"day":5,"utc":"01:16:00","flight":"AA417"},{"day":5,"utc":"00:29:00","flight":"AA338"},{"day":5,"utc":"23:50:00","flight":"AA896"},{"day":6,"utc":"03:03:00","flight":"AA715"},{"day":6,"utc":"17:23:00","flight":"AA767"},{"day":6,"utc":"00:14:00","flight":"AA127"},{"day":6,"utc":"05:21:00","flight":"AA976"}],"distance":683.3323594338787}