{"id":20638,"type":"route","airline":"DL","airlineid":"airline_2009","sourceairport":"DTW","destinationairport":"LAX","stops":0,"equipment":"763 757 739 753","schedule":[{"day":0,"utc":"18:42:00","flight":"DL197"},{"day":1,"utc":"04:05:00","flight":"DL830"},{"day":1,"utc":"10:17:00","flight":"DL519"},{"day":1,"utc":"09:25:00","flight":"DL254"},{"day":2,"utc":"23:19:00","flight":"DL322"},{"day":2,"utc":"20:38:00","flight":"DL666"},{"day":2,"utc":"13:32:00","flight":"DL212"},{"day":3,"utc":"02:10:00","flight":"DL125"},{"day":3,"utc":"08:58:00","flight":"DL516"},{"day":3,"utc":"02:25:00","flight":"DL816"},{"day":3,"utc":"21:57:00","flight":"DL427"},{"day":4,"utc":"17:46:00","flight":"DL677"},{"day":5,"utc":"19:15:00","flight":"DL935"},{"day":5,"utc":"06:33:00","flight":"DL287"},{"day":5,"utc":"08:21:00","flight":"DL703"},{"day":5,"utc":"09:42:00","flight":"DL431"},{"day":5,"utc":"22:22:00","flight":"DL237"},{"day":6,"utc":"12:28:00","flight":"DL644"},{"day":6,"utc":"13:12:00","flight":"DL798"},{"day":6,"utc":"04:40:00","flight":"DL949"}],"distance":3178.044167607972}