{"id":39838,"type":"route","airline":"LY","airlineid":"airline_2150","sourceairport":"EWR","destinationairport":"TLV","stops":0,"equipment":"772","schedule":[{"day":0,"utc":"17:01:00","flight":"LY965"},{"day":0,"utc":"13:04:00","flight":"LY394"},{"day":0,"utc":"11:02:00","flight":"LY316"},{"day":0,"utc":"04:59:00","flight":"LY416"},{"day":0,"utc":"06:24:00","flight":"LY393"},{"day":1,"utc":"08:56:00","flight":"LY938"},{"day":1,"utc":"01:53:00","flight":"LY472"},{"day":1,"utc":"10:14:00","flight":"LY794"},{"day":2,"utc":"23:24:00","flight":"LY501"},{"day":2,"utc":"15:43:00","flight":"LY765"},{"day":2,"utc":"23:05:00","flight":"LY158"},{"day":3,"utc":"03:19:00","flight":"LY799"},{"day":3,"utc":"17:28:00","flight":"LY187"},{"day":3,"utc":"13:33:00","flight":"LY553"},{"day":4,"utc":"03:07:00","flight":"LY813"},{"day":4,"utc":"00:55:00","flight":"LY043"},{"day":4,"utc":"01:37:00","flight":"LY340"},{"day":4,"utc":"08:26:00","flight":"LY676"},{"day":5,"utc":"23:25:00","flight":"LY865"},{"day":5,"utc":"10:32:00","flight":"LY260"},{"day":5,"utc":"09:21:00","flight":"LY568"},{"day":5,"utc":"09:13:00","flight":"LY793"},{"day":5,"utc":"09:50:00","flight":"LY420"},{"day":6,"utc":"17:17:00","flight":"LY209"}],"distance":9140.237522723704}