{"id":54766,"type":"route","airline":"U2","airlineid":"airline_2297","sourceairport":"FCO","destinationairport":"PRG","stops":0,"equipment":"319","schedule":[{"day":0,"utc":"22:08:00","flight":"U2856"},{"day":0,"utc":"21:54:00","flight":"U2758"},{"day":0,"utc":"01:05:00","flight":"U2001"},{"day":0,"utc":"01:06:00","flight":"U2243"},{"day":0,"utc":"12:00:00","flight":"U2354"},{"day":1,"utc":"16:44:00","flight":"U2595"},{"day":1,"utc":"14:19:00","flight":"U2698"},{"day":2,"utc":"07:17:00","flight":"U2921"},{"day":2,"utc":"02:22:00","flight":"U2529"},{"day":3,"utc":"00:14:00","flight":"U2277"},{"day":3,"utc":"21:26:00","flight":"U2315"},{"day":3,"utc":"15:47:00","flight":"U2109"},{"day":4,"utc":"07:45:00","flight":"U2251"},{"day":4,"utc":"04:39:00","flight":"U2177"},{"day":5,"utc":"03:47:00","flight":"U2784"},{"day":5,"utc":"14:34:00","flight":"U2845"},{"day":5,"utc":"03:16:00","flight":"U2339"},{"day":6,"utc":"06:36:00","flight":"U2547"},{"day":6,"utc":"17:36:00","flight":"U2796"}],"distance":935.4026990462788}