{"id":57313,"type":"route","airline":"UA","airlineid":"airline_5209","sourceairport":"ORD","destinationairport":"HSV","stops":0,"equipment":"ERJ","schedule":[{"day":0,"utc":"14:17:00","flight":"UA781"},{"day":0,"utc":"00:28:00","flight":"UA495"},{"day":0,"utc":"21:25:00","flight":"UA033"},{"day":1,"utc":"15:26:00","flight":"UA767"},{"day":1,"utc":"15:27:00","flight":"UA231"},{"day":1,"utc":"17:32:00","flight":"UA932"},{"day":2,"utc":"13:49:00","flight":"UA298"},{"day":2,"utc":"05:08:00","flight":"UA285"},{"day":2,"utc":"19:49:00","flight":"UA281"},{"day":2,"utc":"20:28:00","flight":"UA721"},{"day":3,"utc":"13:24:00","flight":"UA920"},{"day":3,"utc":"00:25:00","flight":"UA380"},{"day":3,"utc":"21:01:00","flight":"UA881"},{"day":3,"utc":"08:59:00","flight":"UA132"},{"day":3,"utc":"13:04:00","flight":"UA598"},{"day":4,"utc":"19:26:00","flight":"UA745"},{"day":4,"utc":"07:41:00","flight":"UA680"},{"day":4,"utc":"15:54:00","flight":"UA956"},{"day":5,"utc":"04:16:00","flight":"UA492"},{"day":5,"utc":"13:08:00","flight":"UA210"},{"day":5,"utc":"14:10:00","flight":"UA596"},{"day":5,"utc":"01:50:00","flight":"UA740"},{"day":5,"utc":"09:20:00","flight":"UA606"},{"day":6,"utc":"12:18:00","flight":"UA011"}],"distance":822.2345671490925}