{"id":20767,"type":"route","airline":"DL","airlineid":"airline_2009","sourceairport":"FWA","destinationairport":"MSP","stops":0,"equipment":"CRJ","schedule":[{"day":0,"utc":"08:39:00","flight":"DL316"},{"day":1,"utc":"14:46:00","flight":"DL553"},{"day":1,"utc":"18:20:00","flight":"DL524"},{"day":1,"utc":"01:18:00","flight":"DL221"},{"day":1,"utc":"14:34:00","flight":"DL068"},{"day":2,"utc":"05:20:00","flight":"DL972"},{"day":2,"utc":"06:55:00","flight":"DL595"},{"day":2,"utc":"18:11:00","flight":"DL963"},{"day":2,"utc":"22:31:00","flight":"DL011"},{"day":3,"utc":"23:54:00","flight":"DL465"},{"day":3,"utc":"16:02:00","flight":"DL497"},{"day":4,"utc":"11:57:00","flight":"DL720"},{"day":4,"utc":"07:47:00","flight":"DL440"},{"day":4,"utc":"12:10:00","flight":"DL894"},{"day":4,"utc":"22:13:00","flight":"DL520"},{"day":5,"utc":"22:50:00","flight":"DL375"},{"day":6,"utc":"05:09:00","flight":"DL896"},{"day":6,"utc":"03:47:00","flight":"DL641"},{"day":6,"utc":"16:19:00","flight":"DL680"},{"day":6,"utc":"16:46:00","flight":"DL209"}],"distance":783.917573385921}