{"id":7877,"type":"route","airline":"AC","airlineid":"airline_330","sourceairport":"DEN","destinationairport":"YXE","stops":0,"equipment":"ERJ","schedule":[{"day":0,"utc":"19:17:00","flight":"AC413"},{"day":0,"utc":"00:13:00","flight":"AC568"},{"day":0,"utc":"10:49:00","flight":"AC589"},{"day":0,"utc":"11:49:00","flight":"AC381"},{"day":1,"utc":"07:54:00","flight":"AC034"},{"day":1,"utc":"23:00:00","flight":"AC508"},{"day":1,"utc":"08:20:00","flight":"AC511"},{"day":2,"utc":"05:28:00","flight":"AC709"},{"day":3,"utc":"00:10:00","flight":"AC299"},{"day":3,"utc":"07:52:00","flight":"AC190"},{"day":3,"utc":"06:42:00","flight":"AC680"},{"day":3,"utc":"05:58:00","flight":"AC758"},{"day":4,"utc":"00:48:00","flight":"AC692"},{"day":4,"utc":"12:51:00","flight":"AC375"},{"day":5,"utc":"23:25:00","flight":"AC016"},{"day":6,"utc":"00:33:00","flight":"AC988"},{"day":6,"utc":"09:16:00","flight":"AC900"},{"day":6,"utc":"22:21:00","flight":"AC379"},{"day":6,"utc":"04:37:00","flight":"AC207"}],"distance":1377.4898086412147}