{"id":24872,"type":"route","airline":"FL","airlineid":"airline_1316","sourceairport":"ATL","destinationairport":"IND","stops":0,"equipment":"717","schedule":[{"day":0,"utc":"08:58:00","flight":"FL684"},{"day":0,"utc":"23:04:00","flight":"FL084"},{"day":1,"utc":"08:50:00","flight":"FL349"},{"day":2,"utc":"04:09:00","flight":"FL255"},{"day":2,"utc":"17:03:00","flight":"FL077"},{"day":2,"utc":"04:17:00","flight":"FL563"},{"day":3,"utc":"00:52:00","flight":"FL713"},{"day":3,"utc":"10:19:00","flight":"FL596"},{"day":4,"utc":"16:37:00","flight":"FL657"},{"day":4,"utc":"18:03:00","flight":"FL321"},{"day":4,"utc":"01:01:00","flight":"FL919"},{"day":5,"utc":"16:37:00","flight":"FL294"},{"day":5,"utc":"10:28:00","flight":"FL112"},{"day":5,"utc":"02:43:00","flight":"FL156"},{"day":6,"utc":"19:02:00","flight":"FL101"},{"day":6,"utc":"09:42:00","flight":"FL136"},{"day":6,"utc":"11:53:00","flight":"FL806"},{"day":6,"utc":"23:08:00","flight":"FL395"},{"day":6,"utc":"04:20:00","flight":"FL265"}],"distance":696.2668818620978}