{"id":64331,"type":"route","airline":"WN","airlineid":"airline_4547","sourceairport":"PVD","destinationairport":"MDW","stops":0,"equipment":"73H 73W","schedule":[{"day":0,"utc":"09:51:00","flight":"WN697"},{"day":0,"utc":"10:47:00","flight":"WN774"},{"day":0,"utc":"05:31:00","flight":"WN494"},{"day":1,"utc":"22:41:00","flight":"WN102"},{"day":1,"utc":"15:38:00","flight":"WN743"},{"day":2,"utc":"06:30:00","flight":"WN851"},{"day":2,"utc":"07:01:00","flight":"WN562"},{"day":3,"utc":"03:06:00","flight":"WN015"},{"day":4,"utc":"00:12:00","flight":"WN494"},{"day":4,"utc":"08:21:00","flight":"WN117"},{"day":4,"utc":"23:51:00","flight":"WN114"},{"day":5,"utc":"14:24:00","flight":"WN924"},{"day":5,"utc":"21:09:00","flight":"WN384"},{"day":5,"utc":"01:41:00","flight":"WN073"},{"day":6,"utc":"00:53:00","flight":"WN557"},{"day":6,"utc":"03:19:00","flight":"WN968"}],"distance":1352.6440073686363}