{"id":15284,"type":"route","airline":"BE","airlineid":"airline_2421","sourceairport":"SOU","destinationairport":"ORY","stops":0,"equipment":"DH4","schedule":[{"day":0,"utc":"07:12:00","flight":"BE134"},{"day":0,"utc":"21:10:00","flight":"BE801"},{"day":0,"utc":"01:33:00","flight":"BE285"},{"day":0,"utc":"08:09:00","flight":"BE735"},{"day":1,"utc":"13:06:00","flight":"BE711"},{"day":1,"utc":"18:51:00","flight":"BE092"},{"day":1,"utc":"04:38:00","flight":"BE978"},{"day":1,"utc":"14:31:00","flight":"BE935"},{"day":2,"utc":"17:58:00","flight":"BE509"},{"day":2,"utc":"23:20:00","flight":"BE415"},{"day":2,"utc":"02:24:00","flight":"BE088"},{"day":2,"utc":"19:51:00","flight":"BE533"},{"day":3,"utc":"00:58:00","flight":"BE074"},{"day":3,"utc":"15:01:00","flight":"BE521"},{"day":4,"utc":"06:26:00","flight":"BE991"},{"day":5,"utc":"07:49:00","flight":"BE537"},{"day":6,"utc":"08:59:00","flight":"BE086"}],"distance":363.56322560096993}