{"id":57259,"type":"route","airline":"UA","airlineid":"airline_5209","sourceairport":"ORD","destinationairport":"ATW","stops":0,"equipment":"CRJ ERJ CR7","schedule":[{"day":0,"utc":"18:30:00","flight":"UA987"},{"day":0,"utc":"21:17:00","flight":"UA271"},{"day":0,"utc":"12:55:00","flight":"UA694"},{"day":0,"utc":"11:50:00","flight":"UA186"},{"day":0,"utc":"19:18:00","flight":"UA820"},{"day":1,"utc":"05:34:00","flight":"UA779"},{"day":1,"utc":"17:40:00","flight":"UA858"},{"day":1,"utc":"13:35:00","flight":"UA390"},{"day":2,"utc":"23:22:00","flight":"UA193"},{"day":2,"utc":"20:30:00","flight":"UA514"},{"day":2,"utc":"07:25:00","flight":"UA293"},{"day":2,"utc":"19:22:00","flight":"UA142"},{"day":2,"utc":"01:22:00","flight":"UA259"},{"day":3,"utc":"11:48:00","flight":"UA532"},{"day":3,"utc":"14:42:00","flight":"UA131"},{"day":3,"utc":"09:27:00","flight":"UA615"},{"day":3,"utc":"11:39:00","flight":"UA108"},{"day":3,"utc":"11:06:00","flight":"UA804"},{"day":4,"utc":"07:59:00","flight":"UA875"},{"day":4,"utc":"06:25:00","flight":"UA286"},{"day":5,"utc":"09:31:00","flight":"UA429"},{"day":6,"utc":"19:20:00","flight":"UA724"},{"day":6,"utc":"01:44:00","flight":"UA271"},{"day":6,"utc":"13:47:00","flight":"UA361"}],"distance":258.0815961937428}