{"id":5816,"type":"route","airline":"AA","airlineid":"airline_24","sourceairport":"LHR","destinationairport":"BLQ","stops":0,"equipment":"320 319","schedule":[{"day":0,"utc":"10:43:00","flight":"AA067"},{"day":0,"utc":"15:30:00","flight":"AA916"},{"day":0,"utc":"14:53:00","flight":"AA845"},{"day":0,"utc":"18:22:00","flight":"AA793"},{"day":0,"utc":"12:32:00","flight":"AA904"},{"day":1,"utc":"07:44:00","flight":"AA399"},{"day":1,"utc":"23:23:00","flight":"AA054"},{"day":1,"utc":"08:21:00","flight":"AA467"},{"day":1,"utc":"17:10:00","flight":"AA518"},{"day":2,"utc":"13:17:00","flight":"AA369"},{"day":2,"utc":"07:10:00","flight":"AA345"},{"day":2,"utc":"00:25:00","flight":"AA911"},{"day":2,"utc":"16:47:00","flight":"AA590"},{"day":3,"utc":"15:21:00","flight":"AA302"},{"day":4,"utc":"08:18:00","flight":"AA154"},{"day":5,"utc":"21:04:00","flight":"AA664"},{"day":5,"utc":"23:43:00","flight":"AA057"},{"day":5,"utc":"16:19:00","flight":"AA849"},{"day":6,"utc":"20:03:00","flight":"AA520"},{"day":6,"utc":"17:16:00","flight":"AA254"}],"distance":1163.660841620374}