{"id":57635,"type":"route","airline":"UA","airlineid":"airline_5209","sourceairport":"SFO","destinationairport":"BWI","stops":0,"equipment":"739 320 738","schedule":[{"day":0,"utc":"22:48:00","flight":"UA735"},{"day":0,"utc":"19:49:00","flight":"UA869"},{"day":0,"utc":"11:43:00","flight":"UA738"},{"day":0,"utc":"12:52:00","flight":"UA599"},{"day":0,"utc":"14:42:00","flight":"UA138"},{"day":1,"utc":"16:53:00","flight":"UA876"},{"day":1,"utc":"15:53:00","flight":"UA473"},{"day":1,"utc":"22:31:00","flight":"UA586"},{"day":1,"utc":"12:57:00","flight":"UA404"},{"day":1,"utc":"20:13:00","flight":"UA944"},{"day":2,"utc":"08:20:00","flight":"UA197"},{"day":2,"utc":"09:41:00","flight":"UA961"},{"day":2,"utc":"22:59:00","flight":"UA969"},{"day":2,"utc":"21:04:00","flight":"UA996"},{"day":2,"utc":"22:23:00","flight":"UA763"},{"day":3,"utc":"20:47:00","flight":"UA388"},{"day":3,"utc":"08:27:00","flight":"UA778"},{"day":3,"utc":"01:35:00","flight":"UA349"},{"day":3,"utc":"00:27:00","flight":"UA814"},{"day":4,"utc":"05:22:00","flight":"UA837"},{"day":4,"utc":"15:30:00","flight":"UA668"},{"day":4,"utc":"20:59:00","flight":"UA035"},{"day":4,"utc":"23:28:00","flight":"UA531"},{"day":4,"utc":"04:42:00","flight":"UA728"},{"day":5,"utc":"22:45:00","flight":"UA141"},{"day":5,"utc":"15:51:00","flight":"UA127"},{"day":6,"utc":"23:45:00","flight":"UA647"},{"day":6,"utc":"07:57:00","flight":"UA367"}],"distance":3944.341886019132}