{"id":15757,"type":"route","airline":"BT","airlineid":"airline_333","sourceairport":"LHR","destinationairport":"LIN","stops":0,"equipment":"319","schedule":[{"day":0,"utc":"03:10:00","flight":"BT872"},{"day":0,"utc":"07:19:00","flight":"BT483"},{"day":0,"utc":"13:16:00","flight":"BT853"},{"day":0,"utc":"04:31:00","flight":"BT853"},{"day":1,"utc":"15:35:00","flight":"BT198"},{"day":2,"utc":"18:53:00","flight":"BT720"},{"day":2,"utc":"03:26:00","flight":"BT019"},{"day":2,"utc":"22:42:00","flight":"BT470"},{"day":3,"utc":"11:44:00","flight":"BT150"},{"day":3,"utc":"17:06:00","flight":"BT107"},{"day":4,"utc":"17:50:00","flight":"BT862"},{"day":5,"utc":"19:43:00","flight":"BT068"},{"day":5,"utc":"03:29:00","flight":"BT568"},{"day":5,"utc":"09:56:00","flight":"BT111"},{"day":5,"utc":"02:09:00","flight":"BT610"},{"day":6,"utc":"13:21:00","flight":"BT417"},{"day":6,"utc":"08:13:00","flight":"BT466"},{"day":6,"utc":"17:10:00","flight":"BT511"},{"day":6,"utc":"17:26:00","flight":"BT726"},{"day":6,"utc":"15:43:00","flight":"BT018"}],"distance":981.0919317280961}