{"id":56208,"type":"route","airline":"UA","airlineid":"airline_5209","sourceairport":"DEN","destinationairport":"YEG","stops":0,"equipment":"319","schedule":[{"day":0,"utc":"23:55:00","flight":"UA904"},{"day":0,"utc":"04:07:00","flight":"UA789"},{"day":1,"utc":"15:34:00","flight":"UA542"},{"day":1,"utc":"04:30:00","flight":"UA083"},{"day":1,"utc":"17:22:00","flight":"UA232"},{"day":1,"utc":"07:50:00","flight":"UA707"},{"day":2,"utc":"23:47:00","flight":"UA748"},{"day":2,"utc":"15:46:00","flight":"UA129"},{"day":2,"utc":"10:18:00","flight":"UA722"},{"day":2,"utc":"20:48:00","flight":"UA365"},{"day":2,"utc":"02:53:00","flight":"UA844"},{"day":3,"utc":"06:17:00","flight":"UA002"},{"day":3,"utc":"03:27:00","flight":"UA588"},{"day":4,"utc":"12:31:00","flight":"UA214"},{"day":5,"utc":"05:59:00","flight":"UA678"},{"day":5,"utc":"06:45:00","flight":"UA408"},{"day":5,"utc":"01:26:00","flight":"UA390"},{"day":6,"utc":"22:27:00","flight":"UA842"},{"day":6,"utc":"14:40:00","flight":"UA622"}],"distance":1639.9972090831584}