{"id":38170,"type":"route","airline":"LH","airlineid":"airline_3320","sourceairport":"EDI","destinationairport":"FRA","stops":0,"equipment":"321 32A 320 319","schedule":[{"day":0,"utc":"15:57:00","flight":"LH357"},{"day":0,"utc":"13:55:00","flight":"LH012"},{"day":0,"utc":"02:45:00","flight":"LH304"},{"day":1,"utc":"15:27:00","flight":"LH801"},{"day":1,"utc":"01:00:00","flight":"LH069"},{"day":1,"utc":"10:28:00","flight":"LH437"},{"day":1,"utc":"16:56:00","flight":"LH491"},{"day":1,"utc":"04:12:00","flight":"LH230"},{"day":2,"utc":"01:13:00","flight":"LH154"},{"day":2,"utc":"22:34:00","flight":"LH852"},{"day":3,"utc":"22:52:00","flight":"LH191"},{"day":3,"utc":"13:29:00","flight":"LH459"},{"day":3,"utc":"12:47:00","flight":"LH371"},{"day":4,"utc":"14:32:00","flight":"LH162"},{"day":4,"utc":"19:03:00","flight":"LH388"},{"day":4,"utc":"02:12:00","flight":"LH762"},{"day":5,"utc":"01:58:00","flight":"LH762"},{"day":5,"utc":"18:37:00","flight":"LH558"},{"day":6,"utc":"22:58:00","flight":"LH222"},{"day":6,"utc":"05:40:00","flight":"LH484"},{"day":6,"utc":"22:31:00","flight":"LH834"}],"distance":1031.983566113803}