{"id":43461,"type":"route","airline":"NK","airlineid":"airline_4687","sourceairport":"LAS","destinationairport":"MSP","stops":0,"equipment":"320","schedule":[{"day":0,"utc":"15:59:00","flight":"NK244"},{"day":0,"utc":"06:16:00","flight":"NK182"},{"day":0,"utc":"05:20:00","flight":"NK563"},{"day":0,"utc":"17:06:00","flight":"NK788"},{"day":1,"utc":"23:06:00","flight":"NK549"},{"day":2,"utc":"11:51:00","flight":"NK291"},{"day":2,"utc":"14:54:00","flight":"NK744"},{"day":2,"utc":"14:26:00","flight":"NK187"},{"day":2,"utc":"10:17:00","flight":"NK803"},{"day":3,"utc":"09:33:00","flight":"NK033"},{"day":3,"utc":"23:42:00","flight":"NK429"},{"day":3,"utc":"15:09:00","flight":"NK308"},{"day":3,"utc":"10:49:00","flight":"NK486"},{"day":3,"utc":"22:20:00","flight":"NK106"},{"day":4,"utc":"19:41:00","flight":"NK824"},{"day":4,"utc":"09:10:00","flight":"NK477"},{"day":5,"utc":"07:09:00","flight":"NK363"},{"day":5,"utc":"17:53:00","flight":"NK958"},{"day":5,"utc":"01:15:00","flight":"NK226"},{"day":5,"utc":"01:25:00","flight":"NK223"},{"day":5,"utc":"21:21:00","flight":"NK655"},{"day":6,"utc":"17:54:00","flight":"NK603"},{"day":6,"utc":"15:32:00","flight":"NK018"},{"day":6,"utc":"20:13:00","flight":"NK012"}],"distance":2087.7879548236847}