{"id":15427,"type":"route","airline":"BK","airlineid":"airline_4026","sourceairport":"CKG","destinationairport":"DYG","stops":0,"equipment":"738","schedule":[{"day":0,"utc":"10:16:00","flight":"BK283"},{"day":0,"utc":"06:19:00","flight":"BK742"},{"day":0,"utc":"09:06:00","flight":"BK724"},{"day":0,"utc":"23:04:00","flight":"BK140"},{"day":1,"utc":"04:36:00","flight":"BK910"},{"day":2,"utc":"23:54:00","flight":"BK972"},{"day":2,"utc":"06:07:00","flight":"BK117"},{"day":2,"utc":"22:03:00","flight":"BK476"},{"day":3,"utc":"22:21:00","flight":"BK620"},{"day":3,"utc":"07:06:00","flight":"BK676"},{"day":3,"utc":"22:00:00","flight":"BK437"},{"day":3,"utc":"16:19:00","flight":"BK830"},{"day":4,"utc":"14:31:00","flight":"BK666"},{"day":4,"utc":"08:49:00","flight":"BK085"},{"day":5,"utc":"19:25:00","flight":"BK085"},{"day":5,"utc":"09:14:00","flight":"BK603"},{"day":5,"utc":"08:30:00","flight":"BK910"},{"day":5,"utc":"10:35:00","flight":"BK761"},{"day":5,"utc":"06:13:00","flight":"BK735"},{"day":6,"utc":"13:04:00","flight":"BK234"}],"distance":374.5173270571268}