{"id":55443,"type":"route","airline":"U2","airlineid":"airline_2297","sourceairport":"SXF","destinationairport":"MXP","stops":0,"equipment":"320 319","schedule":[{"day":0,"utc":"17:14:00","flight":"U2491"},{"day":0,"utc":"23:50:00","flight":"U2455"},{"day":0,"utc":"15:11:00","flight":"U2564"},{"day":1,"utc":"05:26:00","flight":"U2193"},{"day":1,"utc":"03:57:00","flight":"U2718"},{"day":1,"utc":"18:26:00","flight":"U2206"},{"day":1,"utc":"22:31:00","flight":"U2847"},{"day":1,"utc":"11:42:00","flight":"U2290"},{"day":2,"utc":"14:27:00","flight":"U2313"},{"day":2,"utc":"07:48:00","flight":"U2637"},{"day":2,"utc":"03:21:00","flight":"U2147"},{"day":2,"utc":"05:55:00","flight":"U2435"},{"day":2,"utc":"18:41:00","flight":"U2431"},{"day":3,"utc":"07:43:00","flight":"U2639"},{"day":3,"utc":"10:12:00","flight":"U2680"},{"day":3,"utc":"10:29:00","flight":"U2982"},{"day":4,"utc":"18:18:00","flight":"U2187"},{"day":4,"utc":"20:23:00","flight":"U2665"},{"day":4,"utc":"08:04:00","flight":"U2394"},{"day":4,"utc":"22:16:00","flight":"U2694"},{"day":4,"utc":"08:05:00","flight":"U2598"},{"day":5,"utc":"01:22:00","flight":"U2504"},{"day":5,"utc":"12:26:00","flight":"U2338"},{"day":5,"utc":"13:45:00","flight":"U2176"},{"day":6,"utc":"00:28:00","flight":"U2737"},{"day":6,"utc":"11:26:00","flight":"U2017"},{"day":6,"utc":"02:56:00","flight":"U2317"},{"day":6,"utc":"11:09:00","flight":"U2238"}],"distance":827.5291845786494}