{"id":36326,"type":"route","airline":"KL","airlineid":"airline_3090","sourceairport":"ATL","destinationairport":"BHM","stops":0,"equipment":"M88","schedule":[{"day":0,"utc":"01:57:00","flight":"KL202"},{"day":0,"utc":"05:11:00","flight":"KL118"},{"day":1,"utc":"23:25:00","flight":"KL291"},{"day":1,"utc":"23:04:00","flight":"KL120"},{"day":1,"utc":"18:39:00","flight":"KL591"},{"day":2,"utc":"08:20:00","flight":"KL191"},{"day":2,"utc":"04:48:00","flight":"KL291"},{"day":2,"utc":"06:58:00","flight":"KL245"},{"day":2,"utc":"23:09:00","flight":"KL802"},{"day":3,"utc":"08:45:00","flight":"KL299"},{"day":3,"utc":"14:17:00","flight":"KL922"},{"day":3,"utc":"19:26:00","flight":"KL185"},{"day":3,"utc":"06:15:00","flight":"KL289"},{"day":4,"utc":"15:11:00","flight":"KL419"},{"day":4,"utc":"10:57:00","flight":"KL654"},{"day":4,"utc":"07:51:00","flight":"KL583"},{"day":5,"utc":"20:51:00","flight":"KL482"},{"day":5,"utc":"08:16:00","flight":"KL155"},{"day":5,"utc":"18:03:00","flight":"KL107"},{"day":5,"utc":"21:10:00","flight":"KL914"},{"day":5,"utc":"20:24:00","flight":"KL494"},{"day":6,"utc":"12:31:00","flight":"KL499"},{"day":6,"utc":"05:52:00","flight":"KL310"}],"distance":215.5304095638554}