{"id":9493,"type":"route","airline":"AF","airlineid":"airline_137","sourceairport":"ECP","destinationairport":"ATL","stops":0,"equipment":"717 M88 CR9","schedule":[{"day":0,"utc":"07:29:00","flight":"AF560"},{"day":1,"utc":"06:46:00","flight":"AF667"},{"day":1,"utc":"22:19:00","flight":"AF658"},{"day":1,"utc":"05:53:00","flight":"AF117"},{"day":2,"utc":"14:21:00","flight":"AF764"},{"day":2,"utc":"16:05:00","flight":"AF250"},{"day":2,"utc":"13:39:00","flight":"AF515"},{"day":3,"utc":"21:42:00","flight":"AF725"},{"day":3,"utc":"05:14:00","flight":"AF342"},{"day":3,"utc":"13:05:00","flight":"AF676"},{"day":3,"utc":"01:43:00","flight":"AF871"},{"day":3,"utc":"03:41:00","flight":"AF896"},{"day":4,"utc":"00:47:00","flight":"AF834"},{"day":4,"utc":"04:10:00","flight":"AF218"},{"day":4,"utc":"03:56:00","flight":"AF302"},{"day":4,"utc":"21:39:00","flight":"AF253"},{"day":5,"utc":"15:37:00","flight":"AF666"},{"day":5,"utc":"02:57:00","flight":"AF299"},{"day":5,"utc":"02:51:00","flight":"AF989"},{"day":5,"utc":"16:26:00","flight":"AF079"},{"day":6,"utc":"15:36:00","flight":"AF929"},{"day":6,"utc":"13:39:00","flight":"AF054"},{"day":6,"utc":"00:54:00","flight":"AF784"}],"distance":388.4663001362061}