{"id":27211,"type":"route","airline":"FR","airlineid":"airline_4296","sourceairport":"LTN","destinationairport":"KIR","stops":0,"equipment":"738","schedule":[{"day":0,"utc":"15:19:00","flight":"FR757"},{"day":0,"utc":"14:49:00","flight":"FR802"},{"day":1,"utc":"12:41:00","flight":"FR616"},{"day":1,"utc":"17:30:00","flight":"FR955"},{"day":1,"utc":"01:05:00","flight":"FR036"},{"day":1,"utc":"09:40:00","flight":"FR539"},{"day":2,"utc":"01:23:00","flight":"FR536"},{"day":2,"utc":"19:32:00","flight":"FR516"},{"day":2,"utc":"20:34:00","flight":"FR883"},{"day":3,"utc":"15:03:00","flight":"FR019"},{"day":3,"utc":"15:53:00","flight":"FR080"},{"day":4,"utc":"20:10:00","flight":"FR459"},{"day":5,"utc":"00:34:00","flight":"FR275"},{"day":6,"utc":"16:15:00","flight":"FR841"},{"day":6,"utc":"08:55:00","flight":"FR009"}],"distance":626.8846172597251}