{"id":6067,"type":"route","airline":"AA","airlineid":"airline_24","sourceairport":"MIA","destinationairport":"MBJ","stops":0,"equipment":"738 757","schedule":[{"day":0,"utc":"06:28:00","flight":"AA843"},{"day":1,"utc":"23:02:00","flight":"AA610"},{"day":1,"utc":"01:06:00","flight":"AA497"},{"day":1,"utc":"22:06:00","flight":"AA248"},{"day":2,"utc":"15:18:00","flight":"AA823"},{"day":2,"utc":"00:38:00","flight":"AA064"},{"day":3,"utc":"13:27:00","flight":"AA654"},{"day":3,"utc":"14:14:00","flight":"AA223"},{"day":4,"utc":"11:29:00","flight":"AA382"},{"day":4,"utc":"00:13:00","flight":"AA995"},{"day":4,"utc":"08:38:00","flight":"AA095"},{"day":5,"utc":"00:58:00","flight":"AA448"},{"day":5,"utc":"04:20:00","flight":"AA832"},{"day":6,"utc":"06:25:00","flight":"AA601"},{"day":6,"utc":"01:38:00","flight":"AA217"},{"day":6,"utc":"07:15:00","flight":"AA854"},{"day":6,"utc":"22:41:00","flight":"AA122"},{"day":6,"utc":"18:52:00","flight":"AA664"}],"distance":846.6546381001491}