{"id":60174,"type":"route","airline":"US","airlineid":"airline_5265","sourceairport":"PHX","destinationairport":"MIA","stops":0,"equipment":"738","schedule":[{"day":0,"utc":"08:24:00","flight":"US053"},{"day":0,"utc":"19:12:00","flight":"US398"},{"day":0,"utc":"07:36:00","flight":"US777"},{"day":0,"utc":"08:40:00","flight":"US281"},{"day":0,"utc":"14:58:00","flight":"US984"},{"day":1,"utc":"01:02:00","flight":"US221"},{"day":1,"utc":"16:29:00","flight":"US013"},{"day":1,"utc":"12:18:00","flight":"US767"},{"day":2,"utc":"08:01:00","flight":"US163"},{"day":2,"utc":"21:12:00","flight":"US076"},{"day":2,"utc":"04:20:00","flight":"US646"},{"day":2,"utc":"00:09:00","flight":"US502"},{"day":3,"utc":"02:17:00","flight":"US803"},{"day":3,"utc":"05:25:00","flight":"US675"},{"day":3,"utc":"20:02:00","flight":"US943"},{"day":3,"utc":"14:10:00","flight":"US673"},{"day":3,"utc":"16:35:00","flight":"US222"},{"day":4,"utc":"23:30:00","flight":"US976"},{"day":4,"utc":"01:49:00","flight":"US567"},{"day":4,"utc":"04:34:00","flight":"US790"},{"day":4,"utc":"22:47:00","flight":"US638"},{"day":5,"utc":"23:31:00","flight":"US525"},{"day":5,"utc":"14:23:00","flight":"US340"},{"day":6,"utc":"04:22:00","flight":"US796"},{"day":6,"utc":"16:28:00","flight":"US775"},{"day":6,"utc":"06:12:00","flight":"US333"}],"distance":3168.2318559188006}