{"id":59243,"type":"route","airline":"US","airlineid":"airline_5265","sourceairport":"FAO","destinationairport":"LIS","stops":0,"equipment":"319","schedule":[{"day":0,"utc":"04:47:00","flight":"US744"},{"day":0,"utc":"00:05:00","flight":"US899"},{"day":1,"utc":"19:38:00","flight":"US435"},{"day":1,"utc":"23:35:00","flight":"US073"},{"day":1,"utc":"01:01:00","flight":"US274"},{"day":1,"utc":"15:55:00","flight":"US201"},{"day":2,"utc":"23:27:00","flight":"US004"},{"day":2,"utc":"21:32:00","flight":"US621"},{"day":2,"utc":"14:49:00","flight":"US740"},{"day":3,"utc":"15:19:00","flight":"US183"},{"day":3,"utc":"06:01:00","flight":"US015"},{"day":4,"utc":"08:58:00","flight":"US624"},{"day":4,"utc":"00:45:00","flight":"US577"},{"day":4,"utc":"00:50:00","flight":"US988"},{"day":4,"utc":"00:26:00","flight":"US962"},{"day":5,"utc":"02:39:00","flight":"US077"},{"day":5,"utc":"08:59:00","flight":"US865"},{"day":5,"utc":"06:07:00","flight":"US920"},{"day":6,"utc":"09:11:00","flight":"US019"},{"day":6,"utc":"13:41:00","flight":"US130"},{"day":6,"utc":"09:24:00","flight":"US638"},{"day":6,"utc":"20:01:00","flight":"US006"}],"distance":221.66859305083076}