{"id":54953,"type":"route","airline":"U2","airlineid":"airline_2297","sourceairport":"LGW","destinationairport":"HER","stops":0,"equipment":"320 319","schedule":[{"day":0,"utc":"06:39:00","flight":"U2599"},{"day":0,"utc":"21:23:00","flight":"U2740"},{"day":1,"utc":"00:17:00","flight":"U2430"},{"day":1,"utc":"09:06:00","flight":"U2359"},{"day":2,"utc":"20:07:00","flight":"U2150"},{"day":3,"utc":"03:50:00","flight":"U2628"},{"day":4,"utc":"23:45:00","flight":"U2895"},{"day":4,"utc":"21:33:00","flight":"U2294"},{"day":4,"utc":"02:34:00","flight":"U2362"},{"day":5,"utc":"10:34:00","flight":"U2595"},{"day":5,"utc":"23:33:00","flight":"U2292"},{"day":6,"utc":"22:12:00","flight":"U2783"},{"day":6,"utc":"01:23:00","flight":"U2851"},{"day":6,"utc":"01:44:00","flight":"U2948"},{"day":6,"utc":"07:55:00","flight":"U2199"}],"distance":2679.9289025367257}