{"id":21438,"type":"route","airline":"DL","airlineid":"airline_2009","sourceairport":"MSP","destinationairport":"RSW","stops":0,"equipment":"757 M90","schedule":[{"day":0,"utc":"21:26:00","flight":"DL159"},{"day":1,"utc":"06:06:00","flight":"DL146"},{"day":1,"utc":"18:23:00","flight":"DL186"},{"day":1,"utc":"05:17:00","flight":"DL118"},{"day":2,"utc":"00:23:00","flight":"DL606"},{"day":2,"utc":"23:30:00","flight":"DL948"},{"day":2,"utc":"19:57:00","flight":"DL531"},{"day":2,"utc":"15:11:00","flight":"DL560"},{"day":2,"utc":"09:23:00","flight":"DL628"},{"day":3,"utc":"18:13:00","flight":"DL002"},{"day":4,"utc":"15:56:00","flight":"DL353"},{"day":5,"utc":"03:09:00","flight":"DL855"},{"day":5,"utc":"06:29:00","flight":"DL687"},{"day":6,"utc":"02:34:00","flight":"DL633"}],"distance":2282.23139251528}