{"id":57924,"type":"route","airline":"UA","airlineid":"airline_5209","sourceairport":"YYZ","destinationairport":"SFO","stops":0,"equipment":"320","schedule":[{"day":0,"utc":"19:25:00","flight":"UA954"},{"day":0,"utc":"21:30:00","flight":"UA605"},{"day":0,"utc":"02:50:00","flight":"UA488"},{"day":0,"utc":"01:11:00","flight":"UA614"},{"day":0,"utc":"14:51:00","flight":"UA656"},{"day":1,"utc":"17:49:00","flight":"UA882"},{"day":1,"utc":"12:14:00","flight":"UA615"},{"day":2,"utc":"14:04:00","flight":"UA643"},{"day":2,"utc":"12:21:00","flight":"UA354"},{"day":2,"utc":"01:04:00","flight":"UA665"},{"day":2,"utc":"14:19:00","flight":"UA297"},{"day":3,"utc":"18:34:00","flight":"UA943"},{"day":3,"utc":"05:28:00","flight":"UA842"},{"day":3,"utc":"05:31:00","flight":"UA582"},{"day":3,"utc":"20:52:00","flight":"UA985"},{"day":4,"utc":"17:36:00","flight":"UA724"},{"day":4,"utc":"15:44:00","flight":"UA524"},{"day":4,"utc":"23:28:00","flight":"UA335"},{"day":4,"utc":"18:33:00","flight":"UA088"},{"day":5,"utc":"12:55:00","flight":"UA524"},{"day":5,"utc":"07:25:00","flight":"UA964"},{"day":5,"utc":"05:08:00","flight":"UA769"},{"day":5,"utc":"05:51:00","flight":"UA130"},{"day":5,"utc":"10:18:00","flight":"UA481"},{"day":6,"utc":"03:55:00","flight":"UA693"}],"distance":3627.2917579942114}