{"id":27934,"type":"route","airline":"FR","airlineid":"airline_4296","sourceairport":"STN","destinationairport":"OTP","stops":0,"equipment":"738","schedule":[{"day":0,"utc":"09:47:00","flight":"FR970"},{"day":0,"utc":"23:15:00","flight":"FR790"},{"day":0,"utc":"19:03:00","flight":"FR798"},{"day":1,"utc":"00:05:00","flight":"FR348"},{"day":1,"utc":"02:19:00","flight":"FR764"},{"day":1,"utc":"16:50:00","flight":"FR844"},{"day":2,"utc":"04:46:00","flight":"FR817"},{"day":3,"utc":"01:52:00","flight":"FR527"},{"day":3,"utc":"09:07:00","flight":"FR458"},{"day":4,"utc":"04:18:00","flight":"FR853"},{"day":4,"utc":"08:57:00","flight":"FR047"},{"day":4,"utc":"06:11:00","flight":"FR988"},{"day":4,"utc":"11:16:00","flight":"FR679"},{"day":4,"utc":"17:24:00","flight":"FR595"},{"day":5,"utc":"17:03:00","flight":"FR118"},{"day":6,"utc":"04:37:00","flight":"FR358"},{"day":6,"utc":"01:37:00","flight":"FR428"},{"day":6,"utc":"14:10:00","flight":"FR060"}],"distance":2067.3712490336766}