{"id":20214,"type":"route","airline":"DL","airlineid":"airline_2009","sourceairport":"ATL","destinationairport":"PNS","stops":0,"equipment":"M90 717","schedule":[{"day":0,"utc":"03:31:00","flight":"DL303"},{"day":1,"utc":"12:00:00","flight":"DL140"},{"day":2,"utc":"14:17:00","flight":"DL339"},{"day":2,"utc":"15:04:00","flight":"DL028"},{"day":2,"utc":"19:05:00","flight":"DL174"},{"day":2,"utc":"18:45:00","flight":"DL234"},{"day":3,"utc":"08:46:00","flight":"DL062"},{"day":3,"utc":"21:45:00","flight":"DL833"},{"day":4,"utc":"12:01:00","flight":"DL360"},{"day":4,"utc":"03:02:00","flight":"DL127"},{"day":4,"utc":"21:16:00","flight":"DL771"},{"day":4,"utc":"10:02:00","flight":"DL920"},{"day":5,"utc":"09:42:00","flight":"DL683"},{"day":5,"utc":"07:09:00","flight":"DL042"},{"day":6,"utc":"23:34:00","flight":"DL738"},{"day":6,"utc":"11:02:00","flight":"DL075"},{"day":6,"utc":"01:04:00","flight":"DL025"},{"day":6,"utc":"23:51:00","flight":"DL601"},{"day":6,"utc":"04:46:00","flight":"DL593"}],"distance":437.3399991361703}