{"id":29220,"type":"route","airline":"G4","airlineid":"airline_35","sourceairport":"TOL","destinationairport":"SFB","stops":0,"equipment":"M80","schedule":[{"day":0,"utc":"17:18:00","flight":"G4420"},{"day":0,"utc":"01:41:00","flight":"G4738"},{"day":0,"utc":"17:46:00","flight":"G4922"},{"day":0,"utc":"00:05:00","flight":"G4852"},{"day":0,"utc":"10:32:00","flight":"G4989"},{"day":1,"utc":"15:58:00","flight":"G4734"},{"day":1,"utc":"17:43:00","flight":"G4266"},{"day":1,"utc":"04:24:00","flight":"G4016"},{"day":1,"utc":"10:28:00","flight":"G4821"},{"day":1,"utc":"15:33:00","flight":"G4855"},{"day":2,"utc":"23:25:00","flight":"G4328"},{"day":2,"utc":"20:27:00","flight":"G4325"},{"day":2,"utc":"19:42:00","flight":"G4994"},{"day":2,"utc":"18:18:00","flight":"G4057"},{"day":3,"utc":"04:42:00","flight":"G4803"},{"day":3,"utc":"15:29:00","flight":"G4213"},{"day":3,"utc":"19:28:00","flight":"G4104"},{"day":3,"utc":"17:47:00","flight":"G4226"},{"day":4,"utc":"04:38:00","flight":"G4167"},{"day":4,"utc":"03:41:00","flight":"G4511"},{"day":5,"utc":"18:32:00","flight":"G4424"},{"day":6,"utc":"20:20:00","flight":"G4694"},{"day":6,"utc":"16:58:00","flight":"G4196"},{"day":6,"utc":"10:34:00","flight":"G4482"},{"day":6,"utc":"21:58:00","flight":"G4520"}],"distance":1443.1455273222703}