{"id":27200,"type":"route","airline":"FR","airlineid":"airline_4296","sourceairport":"LRH","destinationairport":"EMA","stops":0,"equipment":"738","schedule":[{"day":0,"utc":"04:30:00","flight":"FR441"},{"day":0,"utc":"23:45:00","flight":"FR821"},{"day":0,"utc":"20:28:00","flight":"FR887"},{"day":0,"utc":"09:47:00","flight":"FR310"},{"day":1,"utc":"22:53:00","flight":"FR424"},{"day":1,"utc":"04:37:00","flight":"FR365"},{"day":2,"utc":"14:53:00","flight":"FR514"},{"day":2,"utc":"08:30:00","flight":"FR331"},{"day":3,"utc":"05:33:00","flight":"FR748"},{"day":4,"utc":"12:34:00","flight":"FR484"},{"day":4,"utc":"21:55:00","flight":"FR362"},{"day":5,"utc":"01:04:00","flight":"FR948"},{"day":5,"utc":"21:29:00","flight":"FR474"},{"day":5,"utc":"17:46:00","flight":"FR687"},{"day":5,"utc":"11:34:00","flight":"FR918"},{"day":5,"utc":"12:23:00","flight":"FR523"},{"day":6,"utc":"15:35:00","flight":"FR374"}],"distance":739.7205320719053}