{"id":5006,"type":"route","airline":"AA","airlineid":"airline_24","sourceairport":"CLT","destinationairport":"SJU","stops":0,"equipment":"321","schedule":[{"day":0,"utc":"11:50:00","flight":"AA983"},{"day":0,"utc":"11:30:00","flight":"AA691"},{"day":0,"utc":"20:27:00","flight":"AA096"},{"day":0,"utc":"01:52:00","flight":"AA536"},{"day":0,"utc":"02:41:00","flight":"AA194"},{"day":1,"utc":"17:39:00","flight":"AA000"},{"day":1,"utc":"03:47:00","flight":"AA827"},{"day":1,"utc":"10:08:00","flight":"AA043"},{"day":1,"utc":"12:00:00","flight":"AA639"},{"day":2,"utc":"20:37:00","flight":"AA434"},{"day":2,"utc":"18:19:00","flight":"AA816"},{"day":2,"utc":"17:21:00","flight":"AA140"},{"day":3,"utc":"23:51:00","flight":"AA742"},{"day":3,"utc":"19:00:00","flight":"AA076"},{"day":3,"utc":"04:15:00","flight":"AA465"},{"day":3,"utc":"15:21:00","flight":"AA322"},{"day":4,"utc":"01:37:00","flight":"AA496"},{"day":4,"utc":"05:54:00","flight":"AA009"},{"day":5,"utc":"09:13:00","flight":"AA899"},{"day":6,"utc":"02:37:00","flight":"AA878"},{"day":6,"utc":"12:59:00","flight":"AA560"},{"day":6,"utc":"02:31:00","flight":"AA729"},{"day":6,"utc":"05:58:00","flight":"AA323"},{"day":6,"utc":"09:47:00","flight":"AA581"}],"distance":2376.296294737056}