{"id":20675,"type":"route","airline":"DL","airlineid":"airline_2009","sourceairport":"DTW","destinationairport":"PLN","stops":0,"equipment":"CRJ","schedule":[{"day":0,"utc":"08:05:00","flight":"DL115"},{"day":0,"utc":"04:05:00","flight":"DL165"},{"day":0,"utc":"15:36:00","flight":"DL025"},{"day":0,"utc":"20:11:00","flight":"DL260"},{"day":1,"utc":"17:10:00","flight":"DL074"},{"day":2,"utc":"20:23:00","flight":"DL306"},{"day":2,"utc":"17:11:00","flight":"DL514"},{"day":2,"utc":"08:39:00","flight":"DL273"},{"day":3,"utc":"07:11:00","flight":"DL942"},{"day":3,"utc":"21:45:00","flight":"DL877"},{"day":3,"utc":"05:08:00","flight":"DL224"},{"day":3,"utc":"05:00:00","flight":"DL667"},{"day":3,"utc":"02:24:00","flight":"DL780"},{"day":4,"utc":"21:38:00","flight":"DL568"},{"day":4,"utc":"03:21:00","flight":"DL343"},{"day":4,"utc":"07:35:00","flight":"DL969"},{"day":4,"utc":"03:23:00","flight":"DL855"},{"day":4,"utc":"15:44:00","flight":"DL911"},{"day":5,"utc":"07:00:00","flight":"DL880"},{"day":6,"utc":"07:47:00","flight":"DL306"}],"distance":390.92392720639367}