{"id":59313,"type":"route","airline":"US","airlineid":"airline_5265","sourceairport":"GRU","destinationairport":"CLT","stops":0,"equipment":"332","schedule":[{"day":0,"utc":"13:48:00","flight":"US917"},{"day":0,"utc":"02:25:00","flight":"US631"},{"day":0,"utc":"16:03:00","flight":"US650"},{"day":0,"utc":"20:23:00","flight":"US655"},{"day":0,"utc":"06:24:00","flight":"US381"},{"day":1,"utc":"00:35:00","flight":"US697"},{"day":2,"utc":"19:02:00","flight":"US565"},{"day":3,"utc":"01:01:00","flight":"US974"},{"day":3,"utc":"04:36:00","flight":"US437"},{"day":3,"utc":"17:42:00","flight":"US267"},{"day":3,"utc":"05:55:00","flight":"US357"},{"day":4,"utc":"23:46:00","flight":"US186"},{"day":4,"utc":"16:40:00","flight":"US573"},{"day":5,"utc":"03:36:00","flight":"US918"},{"day":5,"utc":"02:36:00","flight":"US641"},{"day":5,"utc":"10:03:00","flight":"US028"},{"day":5,"utc":"03:32:00","flight":"US479"},{"day":5,"utc":"23:54:00","flight":"US469"},{"day":6,"utc":"20:25:00","flight":"US978"},{"day":6,"utc":"01:34:00","flight":"US963"},{"day":6,"utc":"10:39:00","flight":"US449"},{"day":6,"utc":"22:23:00","flight":"US246"},{"day":6,"utc":"01:40:00","flight":"US560"}],"distance":7464.259354287521}