{"id":26307,"type":"route","airline":"FR","airlineid":"airline_4296","sourceairport":"BVA","destinationairport":"KRK","stops":0,"equipment":"738","schedule":[{"day":0,"utc":"11:33:00","flight":"FR813"},{"day":0,"utc":"12:21:00","flight":"FR234"},{"day":0,"utc":"01:48:00","flight":"FR616"},{"day":1,"utc":"11:12:00","flight":"FR152"},{"day":1,"utc":"05:26:00","flight":"FR238"},{"day":2,"utc":"17:20:00","flight":"FR681"},{"day":2,"utc":"08:33:00","flight":"FR493"},{"day":3,"utc":"18:30:00","flight":"FR123"},{"day":4,"utc":"09:55:00","flight":"FR807"},{"day":4,"utc":"07:56:00","flight":"FR801"},{"day":4,"utc":"05:08:00","flight":"FR834"},{"day":5,"utc":"12:45:00","flight":"FR072"},{"day":6,"utc":"20:42:00","flight":"FR792"}],"distance":1268.1613851231655}