{"id":26240,"type":"route","airline":"FR","airlineid":"airline_4296","sourceairport":"BRS","destinationairport":"POZ","stops":0,"equipment":"738","schedule":[{"day":0,"utc":"03:58:00","flight":"FR073"},{"day":0,"utc":"21:38:00","flight":"FR489"},{"day":1,"utc":"23:50:00","flight":"FR169"},{"day":1,"utc":"06:01:00","flight":"FR566"},{"day":1,"utc":"16:11:00","flight":"FR125"},{"day":1,"utc":"10:22:00","flight":"FR513"},{"day":2,"utc":"07:08:00","flight":"FR895"},{"day":3,"utc":"06:16:00","flight":"FR725"},{"day":4,"utc":"20:24:00","flight":"FR359"},{"day":4,"utc":"10:31:00","flight":"FR007"},{"day":4,"utc":"13:34:00","flight":"FR449"},{"day":5,"utc":"13:26:00","flight":"FR058"},{"day":6,"utc":"00:53:00","flight":"FR844"},{"day":6,"utc":"19:36:00","flight":"FR414"},{"day":6,"utc":"06:19:00","flight":"FR052"}],"distance":1341.808173577837}