{"id":56344,"type":"route","airline":"UA","airlineid":"airline_5209","sourceairport":"EWR","destinationairport":"LIR","stops":0,"equipment":"738","schedule":[{"day":0,"utc":"13:57:00","flight":"UA361"},{"day":0,"utc":"01:25:00","flight":"UA214"},{"day":0,"utc":"22:49:00","flight":"UA520"},{"day":1,"utc":"16:02:00","flight":"UA796"},{"day":1,"utc":"20:47:00","flight":"UA353"},{"day":1,"utc":"10:45:00","flight":"UA866"},{"day":1,"utc":"19:50:00","flight":"UA517"},{"day":2,"utc":"05:25:00","flight":"UA626"},{"day":2,"utc":"22:40:00","flight":"UA365"},{"day":2,"utc":"22:21:00","flight":"UA801"},{"day":2,"utc":"19:45:00","flight":"UA225"},{"day":3,"utc":"13:04:00","flight":"UA472"},{"day":3,"utc":"08:51:00","flight":"UA359"},{"day":3,"utc":"20:17:00","flight":"UA501"},{"day":3,"utc":"08:14:00","flight":"UA769"},{"day":4,"utc":"07:19:00","flight":"UA668"},{"day":4,"utc":"05:11:00","flight":"UA547"},{"day":4,"utc":"11:58:00","flight":"UA704"},{"day":4,"utc":"00:41:00","flight":"UA348"},{"day":4,"utc":"03:56:00","flight":"UA253"},{"day":5,"utc":"14:16:00","flight":"UA337"},{"day":5,"utc":"05:09:00","flight":"UA547"},{"day":6,"utc":"07:50:00","flight":"UA254"},{"day":6,"utc":"18:04:00","flight":"UA407"},{"day":6,"utc":"22:41:00","flight":"UA109"}],"distance":3528.445940898146}