{"id":10254,"type":"route","airline":"AH","airlineid":"airline_794","sourceairport":"QSF","destinationairport":"MRS","stops":0,"equipment":"738","schedule":[{"day":0,"utc":"01:01:00","flight":"AH200"},{"day":0,"utc":"07:11:00","flight":"AH641"},{"day":0,"utc":"16:05:00","flight":"AH772"},{"day":0,"utc":"02:29:00","flight":"AH830"},{"day":1,"utc":"05:46:00","flight":"AH953"},{"day":1,"utc":"22:31:00","flight":"AH808"},{"day":2,"utc":"18:56:00","flight":"AH128"},{"day":2,"utc":"15:02:00","flight":"AH048"},{"day":3,"utc":"02:07:00","flight":"AH173"},{"day":3,"utc":"11:49:00","flight":"AH412"},{"day":3,"utc":"20:51:00","flight":"AH541"},{"day":3,"utc":"03:42:00","flight":"AH596"},{"day":4,"utc":"20:34:00","flight":"AH749"},{"day":4,"utc":"04:20:00","flight":"AH450"},{"day":4,"utc":"05:26:00","flight":"AH410"},{"day":4,"utc":"03:15:00","flight":"AH782"},{"day":4,"utc":"05:59:00","flight":"AH812"},{"day":5,"utc":"05:41:00","flight":"AH793"},{"day":5,"utc":"15:31:00","flight":"AH289"},{"day":5,"utc":"02:40:00","flight":"AH782"},{"day":5,"utc":"17:39:00","flight":"AH934"},{"day":6,"utc":"09:48:00","flight":"AH166"}],"distance":807.0475260282143}