{"id":2556,"type":"route","airline":"7H","airlineid":"airline_16726","sourceairport":"ANC","destinationairport":"ANI","stops":0,"equipment":"BE1 DH8","schedule":[{"day":0,"utc":"04:25:00","flight":"7H007"},{"day":1,"utc":"05:31:00","flight":"7H531"},{"day":1,"utc":"03:14:00","flight":"7H802"},{"day":1,"utc":"00:23:00","flight":"7H040"},{"day":1,"utc":"14:56:00","flight":"7H614"},{"day":1,"utc":"15:28:00","flight":"7H280"},{"day":2,"utc":"02:08:00","flight":"7H165"},{"day":3,"utc":"01:05:00","flight":"7H333"},{"day":3,"utc":"17:45:00","flight":"7H415"},{"day":3,"utc":"18:53:00","flight":"7H715"},{"day":3,"utc":"19:35:00","flight":"7H064"},{"day":3,"utc":"20:35:00","flight":"7H853"},{"day":4,"utc":"00:08:00","flight":"7H577"},{"day":4,"utc":"14:04:00","flight":"7H040"},{"day":5,"utc":"05:35:00","flight":"7H909"},{"day":5,"utc":"08:41:00","flight":"7H648"},{"day":5,"utc":"22:36:00","flight":"7H781"},{"day":5,"utc":"21:32:00","flight":"7H618"},{"day":6,"utc":"11:38:00","flight":"7H806"},{"day":6,"utc":"04:02:00","flight":"7H670"},{"day":6,"utc":"01:23:00","flight":"7H538"},{"day":6,"utc":"04:40:00","flight":"7H880"}],"distance":510.05648888050564}