{"id":21426,"type":"route","airline":"DL","airlineid":"airline_2009","sourceairport":"MSP","destinationairport":"PHL","stops":0,"equipment":"320 M90","schedule":[{"day":0,"utc":"16:21:00","flight":"DL612"},{"day":0,"utc":"08:08:00","flight":"DL561"},{"day":0,"utc":"00:04:00","flight":"DL317"},{"day":0,"utc":"02:20:00","flight":"DL281"},{"day":1,"utc":"13:07:00","flight":"DL893"},{"day":2,"utc":"16:33:00","flight":"DL029"},{"day":2,"utc":"15:06:00","flight":"DL151"},{"day":3,"utc":"12:26:00","flight":"DL592"},{"day":4,"utc":"13:14:00","flight":"DL957"},{"day":4,"utc":"07:42:00","flight":"DL291"},{"day":4,"utc":"01:18:00","flight":"DL655"},{"day":4,"utc":"20:37:00","flight":"DL531"},{"day":4,"utc":"17:45:00","flight":"DL110"},{"day":5,"utc":"05:27:00","flight":"DL367"},{"day":6,"utc":"11:58:00","flight":"DL823"},{"day":6,"utc":"20:21:00","flight":"DL799"},{"day":6,"utc":"17:28:00","flight":"DL832"},{"day":6,"utc":"06:07:00","flight":"DL608"},{"day":6,"utc":"10:16:00","flight":"DL778"}],"distance":1574.4139418547825}