{"id":15704,"type":"route","airline":"BR","airlineid":"airline_2091","sourceairport":"TPE","destinationairport":"SEA","stops":0,"equipment":"744","schedule":[{"day":0,"utc":"20:57:00","flight":"BR036"},{"day":0,"utc":"04:34:00","flight":"BR100"},{"day":1,"utc":"23:03:00","flight":"BR132"},{"day":1,"utc":"01:47:00","flight":"BR734"},{"day":2,"utc":"07:11:00","flight":"BR952"},{"day":2,"utc":"16:02:00","flight":"BR979"},{"day":2,"utc":"16:19:00","flight":"BR510"},{"day":2,"utc":"02:39:00","flight":"BR498"},{"day":3,"utc":"14:36:00","flight":"BR683"},{"day":3,"utc":"01:43:00","flight":"BR739"},{"day":4,"utc":"20:44:00","flight":"BR071"},{"day":4,"utc":"15:24:00","flight":"BR074"},{"day":5,"utc":"22:40:00","flight":"BR118"},{"day":5,"utc":"02:34:00","flight":"BR345"},{"day":5,"utc":"16:55:00","flight":"BR026"},{"day":6,"utc":"15:17:00","flight":"BR065"},{"day":6,"utc":"18:44:00","flight":"BR299"}],"distance":9756.808299602899}