{"id":15436,"type":"route","airline":"BK","airlineid":"airline_4026","sourceairport":"CSX","destinationairport":"NKG","stops":0,"equipment":"738","schedule":[{"day":0,"utc":"23:39:00","flight":"BK757"},{"day":0,"utc":"08:39:00","flight":"BK920"},{"day":1,"utc":"07:50:00","flight":"BK213"},{"day":1,"utc":"10:09:00","flight":"BK019"},{"day":2,"utc":"17:23:00","flight":"BK442"},{"day":2,"utc":"00:50:00","flight":"BK876"},{"day":3,"utc":"15:43:00","flight":"BK321"},{"day":3,"utc":"10:04:00","flight":"BK758"},{"day":4,"utc":"23:53:00","flight":"BK280"},{"day":4,"utc":"11:06:00","flight":"BK930"},{"day":4,"utc":"01:04:00","flight":"BK391"},{"day":4,"utc":"01:06:00","flight":"BK942"},{"day":4,"utc":"09:00:00","flight":"BK909"},{"day":5,"utc":"04:14:00","flight":"BK072"},{"day":6,"utc":"20:29:00","flight":"BK880"},{"day":6,"utc":"08:14:00","flight":"BK988"},{"day":6,"utc":"16:41:00","flight":"BK836"}],"distance":671.7577678594101}