{"id":51909,"type":"route","airline":"TCX","airlineid":"airline_4897","sourceairport":"LGW","destinationairport":"LPA","stops":0,"equipment":"321","schedule":[{"day":0,"utc":"03:44:00","flight":"TCX645"},{"day":0,"utc":"10:38:00","flight":"TCX029"},{"day":0,"utc":"16:39:00","flight":"TCX407"},{"day":0,"utc":"22:03:00","flight":"TCX969"},{"day":1,"utc":"22:02:00","flight":"TCX757"},{"day":2,"utc":"16:44:00","flight":"TCX782"},{"day":3,"utc":"11:18:00","flight":"TCX810"},{"day":3,"utc":"13:48:00","flight":"TCX614"},{"day":3,"utc":"05:31:00","flight":"TCX174"},{"day":3,"utc":"17:49:00","flight":"TCX929"},{"day":4,"utc":"15:12:00","flight":"TCX147"},{"day":4,"utc":"15:06:00","flight":"TCX159"},{"day":4,"utc":"05:38:00","flight":"TCX739"},{"day":4,"utc":"03:52:00","flight":"TCX794"},{"day":4,"utc":"18:25:00","flight":"TCX944"},{"day":5,"utc":"23:36:00","flight":"TCX996"},{"day":5,"utc":"23:55:00","flight":"TCX293"},{"day":5,"utc":"01:19:00","flight":"TCX182"},{"day":5,"utc":"12:23:00","flight":"TCX850"},{"day":6,"utc":"22:11:00","flight":"TCX147"},{"day":6,"utc":"07:17:00","flight":"TCX086"},{"day":6,"utc":"21:09:00","flight":"TCX205"},{"day":6,"utc":"12:53:00","flight":"TCX589"}],"distance":2878.6831640865566}