{"id":7880,"type":"route","airline":"AC","airlineid":"airline_330","sourceairport":"DFW","destinationairport":"YYZ","stops":0,"equipment":"E75","schedule":[{"day":0,"utc":"04:00:00","flight":"AC651"},{"day":0,"utc":"15:24:00","flight":"AC817"},{"day":0,"utc":"08:38:00","flight":"AC555"},{"day":1,"utc":"21:34:00","flight":"AC841"},{"day":1,"utc":"11:50:00","flight":"AC072"},{"day":1,"utc":"03:28:00","flight":"AC261"},{"day":1,"utc":"15:07:00","flight":"AC843"},{"day":2,"utc":"12:22:00","flight":"AC479"},{"day":2,"utc":"06:03:00","flight":"AC796"},{"day":2,"utc":"11:25:00","flight":"AC610"},{"day":2,"utc":"08:09:00","flight":"AC027"},{"day":2,"utc":"03:11:00","flight":"AC797"},{"day":3,"utc":"20:51:00","flight":"AC220"},{"day":3,"utc":"15:53:00","flight":"AC151"},{"day":3,"utc":"02:21:00","flight":"AC057"},{"day":3,"utc":"06:55:00","flight":"AC425"},{"day":4,"utc":"05:40:00","flight":"AC784"},{"day":4,"utc":"04:47:00","flight":"AC864"},{"day":4,"utc":"01:08:00","flight":"AC903"},{"day":4,"utc":"13:41:00","flight":"AC718"},{"day":5,"utc":"09:06:00","flight":"AC769"},{"day":6,"utc":"12:28:00","flight":"AC813"}],"distance":1928.4130611205426}