{"id":24257,"type":"route","airline":"EY","airlineid":"airline_2222","sourceairport":"YYZ","destinationairport":"ORD","stops":0,"equipment":"EMJ","schedule":[{"day":0,"utc":"11:00:00","flight":"EY225"},{"day":0,"utc":"03:23:00","flight":"EY400"},{"day":1,"utc":"04:25:00","flight":"EY236"},{"day":1,"utc":"02:38:00","flight":"EY126"},{"day":1,"utc":"18:44:00","flight":"EY656"},{"day":2,"utc":"06:42:00","flight":"EY848"},{"day":3,"utc":"05:27:00","flight":"EY634"},{"day":3,"utc":"11:27:00","flight":"EY241"},{"day":3,"utc":"07:54:00","flight":"EY047"},{"day":4,"utc":"07:58:00","flight":"EY838"},{"day":4,"utc":"19:00:00","flight":"EY673"},{"day":5,"utc":"22:44:00","flight":"EY559"},{"day":5,"utc":"02:18:00","flight":"EY374"},{"day":6,"utc":"09:03:00","flight":"EY913"},{"day":6,"utc":"08:02:00","flight":"EY118"},{"day":6,"utc":"18:40:00","flight":"EY624"},{"day":6,"utc":"10:00:00","flight":"EY245"},{"day":6,"utc":"07:15:00","flight":"EY120"}],"distance":700.3598804380786}