{"id":11576,"type":"route","airline":"AS","airlineid":"airline_439","sourceairport":"ATL","destinationairport":"SEA","stops":0,"equipment":"73J","schedule":[{"day":0,"utc":"09:03:00","flight":"AS794"},{"day":1,"utc":"15:15:00","flight":"AS833"},{"day":1,"utc":"11:09:00","flight":"AS148"},{"day":1,"utc":"21:57:00","flight":"AS039"},{"day":1,"utc":"21:24:00","flight":"AS401"},{"day":1,"utc":"21:49:00","flight":"AS400"},{"day":2,"utc":"18:25:00","flight":"AS829"},{"day":2,"utc":"15:53:00","flight":"AS032"},{"day":2,"utc":"05:59:00","flight":"AS358"},{"day":2,"utc":"23:20:00","flight":"AS306"},{"day":3,"utc":"09:50:00","flight":"AS653"},{"day":3,"utc":"20:36:00","flight":"AS108"},{"day":3,"utc":"05:52:00","flight":"AS798"},{"day":4,"utc":"01:40:00","flight":"AS366"},{"day":4,"utc":"06:17:00","flight":"AS339"},{"day":5,"utc":"16:06:00","flight":"AS520"},{"day":5,"utc":"02:55:00","flight":"AS643"},{"day":5,"utc":"18:05:00","flight":"AS363"},{"day":5,"utc":"01:25:00","flight":"AS166"},{"day":5,"utc":"20:29:00","flight":"AS325"},{"day":6,"utc":"09:01:00","flight":"AS847"},{"day":6,"utc":"15:40:00","flight":"AS625"},{"day":6,"utc":"14:08:00","flight":"AS166"}],"distance":3505.000897033538}