{"id":20196,"type":"route","airline":"DL","airlineid":"airline_2009","sourceairport":"ATL","destinationairport":"MUC","stops":0,"equipment":"764","schedule":[{"day":0,"utc":"14:40:00","flight":"DL699"},{"day":0,"utc":"05:10:00","flight":"DL144"},{"day":0,"utc":"02:40:00","flight":"DL930"},{"day":0,"utc":"22:39:00","flight":"DL413"},{"day":0,"utc":"20:21:00","flight":"DL510"},{"day":1,"utc":"00:05:00","flight":"DL900"},{"day":1,"utc":"04:12:00","flight":"DL294"},{"day":1,"utc":"16:51:00","flight":"DL018"},{"day":1,"utc":"22:49:00","flight":"DL283"},{"day":2,"utc":"15:32:00","flight":"DL511"},{"day":2,"utc":"04:28:00","flight":"DL813"},{"day":2,"utc":"19:05:00","flight":"DL159"},{"day":2,"utc":"19:48:00","flight":"DL603"},{"day":3,"utc":"00:30:00","flight":"DL285"},{"day":3,"utc":"02:35:00","flight":"DL709"},{"day":4,"utc":"14:37:00","flight":"DL054"},{"day":5,"utc":"01:38:00","flight":"DL077"},{"day":5,"utc":"20:50:00","flight":"DL372"},{"day":5,"utc":"06:20:00","flight":"DL731"},{"day":5,"utc":"18:01:00","flight":"DL889"},{"day":5,"utc":"04:19:00","flight":"DL971"},{"day":6,"utc":"15:40:00","flight":"DL888"},{"day":6,"utc":"06:26:00","flight":"DL049"},{"day":6,"utc":"04:26:00","flight":"DL799"}],"distance":7701.963354173691}