{"id":59025,"type":"route","airline":"US","airlineid":"airline_5265","sourceairport":"DFW","destinationairport":"BNA","stops":0,"equipment":"738 M80 M83","schedule":[{"day":0,"utc":"10:45:00","flight":"US742"},{"day":1,"utc":"15:13:00","flight":"US252"},{"day":1,"utc":"03:25:00","flight":"US382"},{"day":1,"utc":"12:48:00","flight":"US285"},{"day":1,"utc":"07:50:00","flight":"US343"},{"day":2,"utc":"03:03:00","flight":"US674"},{"day":2,"utc":"22:04:00","flight":"US760"},{"day":3,"utc":"13:12:00","flight":"US104"},{"day":3,"utc":"00:42:00","flight":"US791"},{"day":4,"utc":"07:57:00","flight":"US137"},{"day":5,"utc":"20:28:00","flight":"US985"},{"day":6,"utc":"20:23:00","flight":"US115"},{"day":6,"utc":"08:48:00","flight":"US239"},{"day":6,"utc":"16:40:00","flight":"US893"}],"distance":1014.1462196824581}