{"id":53330,"type":"route","airline":"TO","airlineid":"airline_8745","sourceairport":"NTE","destinationairport":"ATH","stops":0,"equipment":"73H","schedule":[{"day":0,"utc":"05:28:00","flight":"TO080"},{"day":1,"utc":"02:26:00","flight":"TO866"},{"day":1,"utc":"20:00:00","flight":"TO498"},{"day":2,"utc":"03:46:00","flight":"TO295"},{"day":2,"utc":"08:20:00","flight":"TO096"},{"day":2,"utc":"04:28:00","flight":"TO411"},{"day":2,"utc":"17:49:00","flight":"TO476"},{"day":2,"utc":"18:21:00","flight":"TO425"},{"day":3,"utc":"01:11:00","flight":"TO829"},{"day":3,"utc":"13:25:00","flight":"TO741"},{"day":4,"utc":"17:06:00","flight":"TO740"},{"day":4,"utc":"18:35:00","flight":"TO584"},{"day":5,"utc":"01:31:00","flight":"TO720"},{"day":5,"utc":"13:27:00","flight":"TO120"},{"day":5,"utc":"06:13:00","flight":"TO895"},{"day":6,"utc":"07:20:00","flight":"TO755"},{"day":6,"utc":"16:02:00","flight":"TO042"},{"day":6,"utc":"19:44:00","flight":"TO565"},{"day":6,"utc":"23:17:00","flight":"TO556"},{"day":6,"utc":"15:49:00","flight":"TO420"}],"distance":2316.5629994486285}