{"id":58807,"type":"route","airline":"US","airlineid":"airline_5265","sourceairport":"CLT","destinationairport":"IND","stops":0,"equipment":"319","schedule":[{"day":0,"utc":"18:55:00","flight":"US031"},{"day":0,"utc":"23:31:00","flight":"US694"},{"day":1,"utc":"04:22:00","flight":"US299"},{"day":1,"utc":"19:43:00","flight":"US019"},{"day":1,"utc":"00:55:00","flight":"US289"},{"day":1,"utc":"07:33:00","flight":"US448"},{"day":2,"utc":"19:24:00","flight":"US141"},{"day":3,"utc":"13:24:00","flight":"US409"},{"day":4,"utc":"15:12:00","flight":"US664"},{"day":4,"utc":"12:09:00","flight":"US385"},{"day":4,"utc":"15:38:00","flight":"US723"},{"day":4,"utc":"13:40:00","flight":"US128"},{"day":4,"utc":"07:28:00","flight":"US863"},{"day":5,"utc":"04:15:00","flight":"US954"},{"day":5,"utc":"17:50:00","flight":"US492"},{"day":5,"utc":"16:40:00","flight":"US797"},{"day":6,"utc":"16:36:00","flight":"US478"},{"day":6,"utc":"10:59:00","flight":"US538"},{"day":6,"utc":"04:58:00","flight":"US746"}],"distance":688.0594299192716}