{"id":59640,"type":"route","airline":"US","airlineid":"airline_5265","sourceairport":"MCO","destinationairport":"CLT","stops":0,"equipment":"321 752 762 319","schedule":[{"day":0,"utc":"22:31:00","flight":"US030"},{"day":1,"utc":"04:54:00","flight":"US847"},{"day":1,"utc":"19:21:00","flight":"US518"},{"day":1,"utc":"15:38:00","flight":"US654"},{"day":1,"utc":"23:33:00","flight":"US153"},{"day":2,"utc":"22:00:00","flight":"US031"},{"day":2,"utc":"08:05:00","flight":"US544"},{"day":2,"utc":"03:33:00","flight":"US552"},{"day":3,"utc":"21:50:00","flight":"US090"},{"day":3,"utc":"21:41:00","flight":"US768"},{"day":3,"utc":"02:15:00","flight":"US043"},{"day":4,"utc":"23:37:00","flight":"US102"},{"day":4,"utc":"09:07:00","flight":"US603"},{"day":4,"utc":"19:10:00","flight":"US171"},{"day":4,"utc":"01:04:00","flight":"US259"},{"day":4,"utc":"01:43:00","flight":"US289"},{"day":5,"utc":"22:40:00","flight":"US423"},{"day":5,"utc":"10:58:00","flight":"US844"},{"day":5,"utc":"14:20:00","flight":"US890"},{"day":6,"utc":"12:54:00","flight":"US427"},{"day":6,"utc":"01:23:00","flight":"US560"}],"distance":755.203260784312}