{"id":20230,"type":"route","airline":"DL","airlineid":"airline_2009","sourceairport":"ATL","destinationairport":"SAV","stops":0,"equipment":"M88 717 319","schedule":[{"day":0,"utc":"16:03:00","flight":"DL046"},{"day":0,"utc":"14:48:00","flight":"DL651"},{"day":0,"utc":"02:26:00","flight":"DL075"},{"day":1,"utc":"22:53:00","flight":"DL894"},{"day":1,"utc":"16:42:00","flight":"DL981"},{"day":1,"utc":"14:50:00","flight":"DL210"},{"day":1,"utc":"17:40:00","flight":"DL401"},{"day":1,"utc":"06:09:00","flight":"DL145"},{"day":2,"utc":"07:41:00","flight":"DL546"},{"day":2,"utc":"10:18:00","flight":"DL394"},{"day":3,"utc":"09:41:00","flight":"DL394"},{"day":3,"utc":"17:42:00","flight":"DL896"},{"day":4,"utc":"06:53:00","flight":"DL453"},{"day":4,"utc":"19:46:00","flight":"DL020"},{"day":4,"utc":"00:22:00","flight":"DL146"},{"day":4,"utc":"20:56:00","flight":"DL725"},{"day":4,"utc":"01:56:00","flight":"DL042"},{"day":5,"utc":"11:54:00","flight":"DL797"},{"day":5,"utc":"12:36:00","flight":"DL376"},{"day":6,"utc":"16:21:00","flight":"DL256"},{"day":6,"utc":"23:10:00","flight":"DL143"}],"distance":344.79717400745494}