{"id":20941,"type":"route","airline":"DL","airlineid":"airline_2009","sourceairport":"JFK","destinationairport":"DKR","stops":0,"equipment":"752","schedule":[{"day":0,"utc":"17:45:00","flight":"DL511"},{"day":1,"utc":"16:41:00","flight":"DL150"},{"day":1,"utc":"22:49:00","flight":"DL695"},{"day":2,"utc":"19:44:00","flight":"DL357"},{"day":2,"utc":"01:04:00","flight":"DL684"},{"day":2,"utc":"18:53:00","flight":"DL319"},{"day":3,"utc":"08:01:00","flight":"DL134"},{"day":3,"utc":"21:47:00","flight":"DL195"},{"day":3,"utc":"06:12:00","flight":"DL024"},{"day":3,"utc":"10:32:00","flight":"DL456"},{"day":3,"utc":"11:19:00","flight":"DL718"},{"day":4,"utc":"07:35:00","flight":"DL251"},{"day":4,"utc":"18:12:00","flight":"DL866"},{"day":5,"utc":"11:52:00","flight":"DL137"},{"day":5,"utc":"13:45:00","flight":"DL220"},{"day":5,"utc":"02:20:00","flight":"DL455"},{"day":5,"utc":"17:58:00","flight":"DL151"},{"day":6,"utc":"01:13:00","flight":"DL990"},{"day":6,"utc":"05:06:00","flight":"DL664"},{"day":6,"utc":"13:58:00","flight":"DL380"},{"day":6,"utc":"08:30:00","flight":"DL546"},{"day":6,"utc":"11:18:00","flight":"DL855"}],"distance":6120.193268138756}