{"id":5825,"type":"route","airline":"AA","airlineid":"airline_24","sourceairport":"LHR","destinationairport":"CLT","stops":0,"equipment":"333","schedule":[{"day":0,"utc":"01:18:00","flight":"AA051"},{"day":0,"utc":"06:57:00","flight":"AA323"},{"day":0,"utc":"16:51:00","flight":"AA013"},{"day":1,"utc":"21:19:00","flight":"AA936"},{"day":2,"utc":"08:48:00","flight":"AA982"},{"day":2,"utc":"08:25:00","flight":"AA711"},{"day":2,"utc":"22:55:00","flight":"AA644"},{"day":2,"utc":"19:24:00","flight":"AA588"},{"day":3,"utc":"01:18:00","flight":"AA525"},{"day":3,"utc":"23:50:00","flight":"AA957"},{"day":4,"utc":"00:49:00","flight":"AA965"},{"day":4,"utc":"05:50:00","flight":"AA580"},{"day":4,"utc":"20:28:00","flight":"AA111"},{"day":4,"utc":"16:03:00","flight":"AA021"},{"day":4,"utc":"12:11:00","flight":"AA150"},{"day":5,"utc":"18:21:00","flight":"AA699"},{"day":5,"utc":"17:23:00","flight":"AA142"},{"day":6,"utc":"00:06:00","flight":"AA341"},{"day":6,"utc":"18:36:00","flight":"AA150"},{"day":6,"utc":"05:05:00","flight":"AA832"},{"day":6,"utc":"23:49:00","flight":"AA196"}],"distance":6408.953757371207}