{"id":57218,"type":"route","airline":"UA","airlineid":"airline_5209","sourceairport":"NRT","destinationairport":"HNL","stops":0,"equipment":"744","schedule":[{"day":0,"utc":"12:29:00","flight":"UA865"},{"day":0,"utc":"18:54:00","flight":"UA540"},{"day":1,"utc":"02:21:00","flight":"UA001"},{"day":1,"utc":"13:19:00","flight":"UA842"},{"day":1,"utc":"23:05:00","flight":"UA667"},{"day":2,"utc":"11:18:00","flight":"UA069"},{"day":2,"utc":"23:50:00","flight":"UA617"},{"day":3,"utc":"05:33:00","flight":"UA179"},{"day":3,"utc":"13:10:00","flight":"UA693"},{"day":3,"utc":"05:03:00","flight":"UA755"},{"day":3,"utc":"04:05:00","flight":"UA175"},{"day":3,"utc":"23:17:00","flight":"UA558"},{"day":4,"utc":"12:57:00","flight":"UA498"},{"day":5,"utc":"23:06:00","flight":"UA599"},{"day":6,"utc":"02:55:00","flight":"UA957"},{"day":6,"utc":"09:07:00","flight":"UA687"},{"day":6,"utc":"17:58:00","flight":"UA368"},{"day":6,"utc":"11:14:00","flight":"UA969"}],"distance":6136.136779672516}