{"id":11084,"type":"route","airline":"AM","airlineid":"airline_321","sourceairport":"MEX","destinationairport":"LAX","stops":0,"equipment":"737","schedule":[{"day":0,"utc":"17:30:00","flight":"AM501"},{"day":0,"utc":"02:27:00","flight":"AM902"},{"day":1,"utc":"07:58:00","flight":"AM160"},{"day":1,"utc":"19:57:00","flight":"AM527"},{"day":1,"utc":"05:23:00","flight":"AM695"},{"day":1,"utc":"12:33:00","flight":"AM981"},{"day":1,"utc":"04:32:00","flight":"AM092"},{"day":2,"utc":"19:02:00","flight":"AM990"},{"day":2,"utc":"23:50:00","flight":"AM885"},{"day":2,"utc":"16:19:00","flight":"AM980"},{"day":2,"utc":"23:45:00","flight":"AM004"},{"day":2,"utc":"04:05:00","flight":"AM114"},{"day":3,"utc":"03:51:00","flight":"AM433"},{"day":3,"utc":"12:45:00","flight":"AM905"},{"day":3,"utc":"18:00:00","flight":"AM883"},{"day":3,"utc":"23:25:00","flight":"AM114"},{"day":3,"utc":"10:52:00","flight":"AM437"},{"day":4,"utc":"01:40:00","flight":"AM802"},{"day":5,"utc":"07:02:00","flight":"AM592"},{"day":5,"utc":"06:09:00","flight":"AM167"},{"day":6,"utc":"00:46:00","flight":"AM373"},{"day":6,"utc":"18:28:00","flight":"AM591"}],"distance":2500.009487345585}