{"id":24349,"type":"route","airline":"F9","airlineid":"airline_2468","sourceairport":"DDC","destinationairport":"DEN","stops":0,"equipment":"BE1","schedule":[{"day":0,"utc":"21:13:00","flight":"F9933"},{"day":0,"utc":"01:41:00","flight":"F9681"},{"day":0,"utc":"19:23:00","flight":"F9484"},{"day":1,"utc":"17:04:00","flight":"F9579"},{"day":1,"utc":"18:30:00","flight":"F9509"},{"day":1,"utc":"23:46:00","flight":"F9098"},{"day":2,"utc":"23:17:00","flight":"F9511"},{"day":2,"utc":"07:03:00","flight":"F9309"},{"day":2,"utc":"02:12:00","flight":"F9074"},{"day":2,"utc":"11:58:00","flight":"F9159"},{"day":3,"utc":"05:24:00","flight":"F9245"},{"day":3,"utc":"00:03:00","flight":"F9013"},{"day":3,"utc":"17:20:00","flight":"F9584"},{"day":3,"utc":"08:00:00","flight":"F9351"},{"day":4,"utc":"12:31:00","flight":"F9632"},{"day":4,"utc":"06:25:00","flight":"F9231"},{"day":4,"utc":"22:58:00","flight":"F9410"},{"day":5,"utc":"02:35:00","flight":"F9648"},{"day":5,"utc":"14:31:00","flight":"F9817"},{"day":6,"utc":"12:26:00","flight":"F9074"}],"distance":469.79822148695786}