{"id":2551,"type":"route","airline":"7H","airlineid":"airline_16726","sourceairport":"AIN","destinationairport":"ATK","stops":0,"equipment":"CNC","schedule":[{"day":0,"utc":"02:45:00","flight":"7H781"},{"day":0,"utc":"02:57:00","flight":"7H147"},{"day":0,"utc":"05:07:00","flight":"7H798"},{"day":0,"utc":"09:30:00","flight":"7H426"},{"day":0,"utc":"20:55:00","flight":"7H701"},{"day":1,"utc":"21:35:00","flight":"7H236"},{"day":1,"utc":"19:56:00","flight":"7H062"},{"day":1,"utc":"01:37:00","flight":"7H334"},{"day":1,"utc":"16:36:00","flight":"7H061"},{"day":2,"utc":"20:13:00","flight":"7H067"},{"day":3,"utc":"04:51:00","flight":"7H553"},{"day":4,"utc":"00:11:00","flight":"7H056"},{"day":4,"utc":"08:58:00","flight":"7H887"},{"day":4,"utc":"17:09:00","flight":"7H190"},{"day":4,"utc":"02:02:00","flight":"7H838"},{"day":5,"utc":"11:57:00","flight":"7H118"},{"day":6,"utc":"05:58:00","flight":"7H824"},{"day":6,"utc":"02:14:00","flight":"7H761"},{"day":6,"utc":"20:19:00","flight":"7H051"},{"day":6,"utc":"11:55:00","flight":"7H356"}],"distance":96.60351782961892}