{"id":60378,"type":"route","airline":"US","airlineid":"airline_5265","sourceairport":"SJD","destinationairport":"CLT","stops":0,"equipment":"320","schedule":[{"day":0,"utc":"20:59:00","flight":"US851"},{"day":0,"utc":"06:35:00","flight":"US983"},{"day":1,"utc":"13:33:00","flight":"US382"},{"day":1,"utc":"15:23:00","flight":"US652"},{"day":1,"utc":"07:45:00","flight":"US467"},{"day":1,"utc":"20:03:00","flight":"US077"},{"day":1,"utc":"03:39:00","flight":"US830"},{"day":2,"utc":"11:14:00","flight":"US465"},{"day":2,"utc":"09:00:00","flight":"US552"},{"day":2,"utc":"00:22:00","flight":"US460"},{"day":3,"utc":"07:28:00","flight":"US037"},{"day":4,"utc":"22:16:00","flight":"US855"},{"day":5,"utc":"17:06:00","flight":"US539"},{"day":5,"utc":"22:38:00","flight":"US417"},{"day":5,"utc":"08:54:00","flight":"US621"},{"day":6,"utc":"02:58:00","flight":"US863"}],"distance":3083.5510500499145}