{"id":29085,"type":"route","airline":"G4","airlineid":"airline_35","sourceairport":"PGD","destinationairport":"CVG","stops":0,"equipment":"M80","schedule":[{"day":0,"utc":"17:37:00","flight":"G4932"},{"day":0,"utc":"22:00:00","flight":"G4160"},{"day":0,"utc":"12:15:00","flight":"G4362"},{"day":0,"utc":"00:33:00","flight":"G4527"},{"day":0,"utc":"06:34:00","flight":"G4924"},{"day":1,"utc":"20:49:00","flight":"G4170"},{"day":1,"utc":"01:56:00","flight":"G4323"},{"day":2,"utc":"04:40:00","flight":"G4340"},{"day":2,"utc":"14:19:00","flight":"G4549"},{"day":2,"utc":"19:17:00","flight":"G4703"},{"day":3,"utc":"18:59:00","flight":"G4905"},{"day":3,"utc":"14:25:00","flight":"G4690"},{"day":3,"utc":"05:06:00","flight":"G4087"},{"day":4,"utc":"00:48:00","flight":"G4378"},{"day":5,"utc":"00:03:00","flight":"G4608"},{"day":6,"utc":"14:46:00","flight":"G4349"}],"distance":1371.4250605225784}