{"id":11785,"type":"route","airline":"AS","airlineid":"airline_439","sourceairport":"OAK","destinationairport":"OGG","stops":0,"equipment":"73H","schedule":[{"day":0,"utc":"21:52:00","flight":"AS741"},{"day":0,"utc":"00:05:00","flight":"AS810"},{"day":0,"utc":"08:31:00","flight":"AS003"},{"day":0,"utc":"14:24:00","flight":"AS049"},{"day":1,"utc":"19:38:00","flight":"AS512"},{"day":2,"utc":"11:58:00","flight":"AS121"},{"day":2,"utc":"11:30:00","flight":"AS120"},{"day":2,"utc":"05:07:00","flight":"AS671"},{"day":2,"utc":"18:41:00","flight":"AS159"},{"day":3,"utc":"10:20:00","flight":"AS450"},{"day":3,"utc":"02:08:00","flight":"AS444"},{"day":3,"utc":"13:24:00","flight":"AS457"},{"day":4,"utc":"02:19:00","flight":"AS770"},{"day":4,"utc":"10:57:00","flight":"AS904"},{"day":4,"utc":"03:47:00","flight":"AS717"},{"day":4,"utc":"19:35:00","flight":"AS069"},{"day":5,"utc":"03:15:00","flight":"AS386"},{"day":5,"utc":"09:20:00","flight":"AS657"},{"day":5,"utc":"02:05:00","flight":"AS865"},{"day":5,"utc":"22:58:00","flight":"AS756"},{"day":5,"utc":"23:16:00","flight":"AS525"},{"day":6,"utc":"05:37:00","flight":"AS054"},{"day":6,"utc":"09:30:00","flight":"AS345"},{"day":6,"utc":"01:29:00","flight":"AS699"}],"distance":3777.0172184553585}