{"id":61449,"type":"route","airline":"VN","airlineid":"airline_5309","sourceairport":"HAN","destinationairport":"CDG","stops":0,"equipment":"777","schedule":[{"day":0,"utc":"09:44:00","flight":"VN971"},{"day":1,"utc":"04:15:00","flight":"VN790"},{"day":1,"utc":"00:50:00","flight":"VN533"},{"day":1,"utc":"05:02:00","flight":"VN736"},{"day":1,"utc":"15:45:00","flight":"VN521"},{"day":2,"utc":"06:09:00","flight":"VN086"},{"day":2,"utc":"08:51:00","flight":"VN604"},{"day":2,"utc":"08:57:00","flight":"VN415"},{"day":2,"utc":"13:55:00","flight":"VN653"},{"day":2,"utc":"06:55:00","flight":"VN211"},{"day":3,"utc":"13:54:00","flight":"VN162"},{"day":3,"utc":"00:35:00","flight":"VN702"},{"day":3,"utc":"01:03:00","flight":"VN729"},{"day":3,"utc":"13:20:00","flight":"VN601"},{"day":4,"utc":"08:11:00","flight":"VN953"},{"day":4,"utc":"19:10:00","flight":"VN738"},{"day":4,"utc":"06:25:00","flight":"VN600"},{"day":4,"utc":"00:26:00","flight":"VN939"},{"day":5,"utc":"09:59:00","flight":"VN415"},{"day":5,"utc":"09:47:00","flight":"VN105"},{"day":5,"utc":"07:46:00","flight":"VN134"},{"day":5,"utc":"13:07:00","flight":"VN206"},{"day":5,"utc":"14:33:00","flight":"VN617"},{"day":6,"utc":"19:40:00","flight":"VN704"},{"day":6,"utc":"02:04:00","flight":"VN822"},{"day":6,"utc":"02:48:00","flight":"VN965"},{"day":6,"utc":"05:33:00","flight":"VN051"},{"day":6,"utc":"02:47:00","flight":"VN545"}],"distance":9157.5300521764}