{"id":11153,"type":"route","airline":"AM","airlineid":"airline_321","sourceairport":"MTY","destinationairport":"LAS","stops":0,"equipment":"737","schedule":[{"day":0,"utc":"03:38:00","flight":"AM570"},{"day":0,"utc":"12:08:00","flight":"AM976"},{"day":0,"utc":"06:41:00","flight":"AM077"},{"day":1,"utc":"01:49:00","flight":"AM959"},{"day":1,"utc":"13:44:00","flight":"AM018"},{"day":1,"utc":"11:13:00","flight":"AM833"},{"day":1,"utc":"07:59:00","flight":"AM348"},{"day":1,"utc":"17:41:00","flight":"AM124"},{"day":2,"utc":"20:38:00","flight":"AM638"},{"day":2,"utc":"15:58:00","flight":"AM526"},{"day":2,"utc":"03:37:00","flight":"AM578"},{"day":3,"utc":"06:52:00","flight":"AM496"},{"day":3,"utc":"03:01:00","flight":"AM065"},{"day":4,"utc":"02:43:00","flight":"AM373"},{"day":4,"utc":"18:03:00","flight":"AM640"},{"day":4,"utc":"05:23:00","flight":"AM675"},{"day":4,"utc":"04:52:00","flight":"AM933"},{"day":4,"utc":"18:07:00","flight":"AM572"},{"day":5,"utc":"15:32:00","flight":"AM441"},{"day":5,"utc":"17:33:00","flight":"AM894"},{"day":5,"utc":"22:53:00","flight":"AM755"},{"day":5,"utc":"05:22:00","flight":"AM241"},{"day":6,"utc":"13:26:00","flight":"AM185"},{"day":6,"utc":"09:27:00","flight":"AM510"},{"day":6,"utc":"19:33:00","flight":"AM685"},{"day":6,"utc":"17:24:00","flight":"AM246"},{"day":6,"utc":"20:15:00","flight":"AM768"}],"distance":1832.1789164778224}