{"id":5950,"type":"route","airline":"AA","airlineid":"airline_24","sourceairport":"MCI","destinationairport":"ORD","stops":0,"equipment":"E75 ER4 CR7 ERD","schedule":[{"day":0,"utc":"13:33:00","flight":"AA244"},{"day":0,"utc":"04:40:00","flight":"AA964"},{"day":1,"utc":"15:39:00","flight":"AA525"},{"day":1,"utc":"20:54:00","flight":"AA117"},{"day":1,"utc":"07:08:00","flight":"AA634"},{"day":1,"utc":"10:21:00","flight":"AA692"},{"day":2,"utc":"21:25:00","flight":"AA520"},{"day":2,"utc":"11:42:00","flight":"AA809"},{"day":3,"utc":"09:04:00","flight":"AA111"},{"day":3,"utc":"11:57:00","flight":"AA262"},{"day":3,"utc":"06:03:00","flight":"AA491"},{"day":4,"utc":"18:44:00","flight":"AA731"},{"day":4,"utc":"08:41:00","flight":"AA558"},{"day":4,"utc":"20:05:00","flight":"AA235"},{"day":4,"utc":"12:21:00","flight":"AA012"},{"day":4,"utc":"17:46:00","flight":"AA313"},{"day":5,"utc":"08:33:00","flight":"AA504"},{"day":5,"utc":"13:28:00","flight":"AA244"},{"day":5,"utc":"05:36:00","flight":"AA309"},{"day":5,"utc":"03:08:00","flight":"AA888"},{"day":5,"utc":"10:59:00","flight":"AA825"},{"day":6,"utc":"08:15:00","flight":"AA699"},{"day":6,"utc":"04:19:00","flight":"AA895"}],"distance":647.0019293283004}