{"id":64655,"type":"route","airline":"WS","airlineid":"airline_5416","sourceairport":"SAN","destinationairport":"YYC","stops":0,"equipment":"73H 73W","schedule":[{"day":0,"utc":"18:16:00","flight":"WS587"},{"day":1,"utc":"11:06:00","flight":"WS370"},{"day":1,"utc":"23:04:00","flight":"WS387"},{"day":2,"utc":"05:01:00","flight":"WS087"},{"day":2,"utc":"11:23:00","flight":"WS461"},{"day":3,"utc":"09:53:00","flight":"WS548"},{"day":3,"utc":"04:00:00","flight":"WS029"},{"day":3,"utc":"04:22:00","flight":"WS185"},{"day":3,"utc":"15:53:00","flight":"WS725"},{"day":3,"utc":"19:58:00","flight":"WS136"},{"day":4,"utc":"13:07:00","flight":"WS216"},{"day":4,"utc":"22:38:00","flight":"WS618"},{"day":4,"utc":"12:59:00","flight":"WS170"},{"day":4,"utc":"15:48:00","flight":"WS774"},{"day":5,"utc":"13:31:00","flight":"WS372"},{"day":5,"utc":"09:22:00","flight":"WS121"},{"day":5,"utc":"20:04:00","flight":"WS648"},{"day":6,"utc":"22:51:00","flight":"WS049"},{"day":6,"utc":"08:46:00","flight":"WS316"},{"day":6,"utc":"07:59:00","flight":"WS969"},{"day":6,"utc":"02:42:00","flight":"WS702"},{"day":6,"utc":"18:18:00","flight":"WS967"}],"distance":2060.057123074181}