{"id":56266,"type":"route","airline":"UA","airlineid":"airline_5209","sourceairport":"DXB","destinationairport":"IAD","stops":0,"equipment":"777","schedule":[{"day":0,"utc":"07:31:00","flight":"UA799"},{"day":0,"utc":"08:44:00","flight":"UA913"},{"day":1,"utc":"11:20:00","flight":"UA282"},{"day":2,"utc":"03:16:00","flight":"UA389"},{"day":2,"utc":"20:31:00","flight":"UA411"},{"day":2,"utc":"08:09:00","flight":"UA496"},{"day":3,"utc":"13:17:00","flight":"UA086"},{"day":3,"utc":"09:17:00","flight":"UA753"},{"day":3,"utc":"00:47:00","flight":"UA351"},{"day":3,"utc":"05:05:00","flight":"UA607"},{"day":3,"utc":"06:36:00","flight":"UA651"},{"day":4,"utc":"05:47:00","flight":"UA852"},{"day":4,"utc":"23:21:00","flight":"UA201"},{"day":5,"utc":"19:55:00","flight":"UA634"},{"day":5,"utc":"18:14:00","flight":"UA885"},{"day":5,"utc":"00:12:00","flight":"UA469"},{"day":5,"utc":"14:18:00","flight":"UA745"},{"day":6,"utc":"21:11:00","flight":"UA462"},{"day":6,"utc":"00:57:00","flight":"UA347"}],"distance":11355.264169417169}