{"id":55855,"type":"route","airline":"UA","airlineid":"airline_5209","sourceairport":"BJX","destinationairport":"IAH","stops":0,"equipment":"ERJ","schedule":[{"day":0,"utc":"10:23:00","flight":"UA595"},{"day":0,"utc":"12:17:00","flight":"UA918"},{"day":0,"utc":"22:30:00","flight":"UA093"},{"day":1,"utc":"11:23:00","flight":"UA369"},{"day":1,"utc":"21:38:00","flight":"UA373"},{"day":1,"utc":"11:11:00","flight":"UA187"},{"day":2,"utc":"04:21:00","flight":"UA638"},{"day":2,"utc":"20:29:00","flight":"UA955"},{"day":2,"utc":"06:33:00","flight":"UA401"},{"day":2,"utc":"16:49:00","flight":"UA812"},{"day":2,"utc":"02:23:00","flight":"UA723"},{"day":3,"utc":"08:12:00","flight":"UA892"},{"day":3,"utc":"00:10:00","flight":"UA803"},{"day":3,"utc":"21:36:00","flight":"UA760"},{"day":4,"utc":"20:36:00","flight":"UA010"},{"day":4,"utc":"02:02:00","flight":"UA554"},{"day":5,"utc":"15:13:00","flight":"UA994"},{"day":5,"utc":"19:31:00","flight":"UA189"},{"day":5,"utc":"20:16:00","flight":"UA972"},{"day":5,"utc":"22:34:00","flight":"UA131"},{"day":6,"utc":"01:59:00","flight":"UA974"},{"day":6,"utc":"09:21:00","flight":"UA234"}],"distance":1173.8203570947746}