{"id":57283,"type":"route","airline":"UA","airlineid":"airline_5209","sourceairport":"ORD","destinationairport":"CRW","stops":0,"equipment":"ERJ","schedule":[{"day":0,"utc":"11:13:00","flight":"UA372"},{"day":0,"utc":"10:31:00","flight":"UA337"},{"day":1,"utc":"02:57:00","flight":"UA558"},{"day":2,"utc":"03:19:00","flight":"UA492"},{"day":2,"utc":"18:30:00","flight":"UA206"},{"day":2,"utc":"11:40:00","flight":"UA689"},{"day":3,"utc":"12:58:00","flight":"UA154"},{"day":3,"utc":"12:36:00","flight":"UA761"},{"day":4,"utc":"05:05:00","flight":"UA926"},{"day":4,"utc":"21:32:00","flight":"UA980"},{"day":4,"utc":"01:45:00","flight":"UA364"},{"day":5,"utc":"08:00:00","flight":"UA839"},{"day":5,"utc":"11:53:00","flight":"UA494"},{"day":5,"utc":"19:14:00","flight":"UA667"},{"day":5,"utc":"23:11:00","flight":"UA355"},{"day":6,"utc":"16:20:00","flight":"UA169"},{"day":6,"utc":"08:38:00","flight":"UA756"},{"day":6,"utc":"16:25:00","flight":"UA991"}],"distance":669.225579624098}