{"id":26884,"type":"route","airline":"FR","airlineid":"airline_4296","sourceairport":"GRO","destinationairport":"BRS","stops":0,"equipment":"738","schedule":[{"day":0,"utc":"21:07:00","flight":"FR248"},{"day":0,"utc":"12:17:00","flight":"FR734"},{"day":0,"utc":"03:53:00","flight":"FR454"},{"day":0,"utc":"16:45:00","flight":"FR513"},{"day":1,"utc":"07:46:00","flight":"FR360"},{"day":1,"utc":"03:47:00","flight":"FR226"},{"day":2,"utc":"19:01:00","flight":"FR342"},{"day":2,"utc":"11:08:00","flight":"FR418"},{"day":2,"utc":"17:08:00","flight":"FR639"},{"day":2,"utc":"16:39:00","flight":"FR385"},{"day":3,"utc":"22:52:00","flight":"FR891"},{"day":3,"utc":"15:29:00","flight":"FR426"},{"day":3,"utc":"09:22:00","flight":"FR974"},{"day":3,"utc":"17:56:00","flight":"FR780"},{"day":3,"utc":"19:22:00","flight":"FR995"},{"day":4,"utc":"11:26:00","flight":"FR589"},{"day":4,"utc":"03:41:00","flight":"FR913"},{"day":4,"utc":"05:59:00","flight":"FR161"},{"day":5,"utc":"03:47:00","flight":"FR974"},{"day":5,"utc":"18:44:00","flight":"FR668"},{"day":5,"utc":"23:40:00","flight":"FR032"},{"day":6,"utc":"16:28:00","flight":"FR397"},{"day":6,"utc":"02:36:00","flight":"FR281"},{"day":6,"utc":"03:45:00","flight":"FR809"}],"distance":1133.4738325573821}