{"id":6331,"type":"route","airline":"AA","airlineid":"airline_24","sourceairport":"ORD","destinationairport":"SJD","stops":0,"equipment":"M83 738","schedule":[{"day":0,"utc":"03:42:00","flight":"AA378"},{"day":1,"utc":"19:32:00","flight":"AA124"},{"day":2,"utc":"14:53:00","flight":"AA043"},{"day":3,"utc":"08:27:00","flight":"AA989"},{"day":3,"utc":"11:12:00","flight":"AA658"},{"day":3,"utc":"06:13:00","flight":"AA475"},{"day":4,"utc":"05:06:00","flight":"AA415"},{"day":4,"utc":"22:51:00","flight":"AA835"},{"day":4,"utc":"15:31:00","flight":"AA453"},{"day":5,"utc":"17:36:00","flight":"AA577"},{"day":5,"utc":"13:07:00","flight":"AA944"},{"day":5,"utc":"01:36:00","flight":"AA101"},{"day":5,"utc":"13:25:00","flight":"AA961"},{"day":5,"utc":"09:40:00","flight":"AA975"},{"day":6,"utc":"12:11:00","flight":"AA629"},{"day":6,"utc":"17:34:00","flight":"AA042"}],"distance":2909.1672473517383}