{"id":14170,"type":"route","airline":"B6","airlineid":"airline_3029","sourceairport":"MSY","destinationairport":"JFK","stops":0,"equipment":"E90 320","schedule":[{"day":0,"utc":"17:05:00","flight":"B6416"},{"day":0,"utc":"16:10:00","flight":"B6280"},{"day":0,"utc":"03:39:00","flight":"B6752"},{"day":1,"utc":"08:58:00","flight":"B6049"},{"day":2,"utc":"06:44:00","flight":"B6031"},{"day":2,"utc":"13:59:00","flight":"B6171"},{"day":3,"utc":"08:49:00","flight":"B6731"},{"day":4,"utc":"06:18:00","flight":"B6709"},{"day":4,"utc":"21:44:00","flight":"B6505"},{"day":4,"utc":"23:28:00","flight":"B6948"},{"day":5,"utc":"18:55:00","flight":"B6826"},{"day":6,"utc":"13:36:00","flight":"B6865"},{"day":6,"utc":"04:13:00","flight":"B6014"},{"day":6,"utc":"23:53:00","flight":"B6472"},{"day":6,"utc":"02:00:00","flight":"B6046"},{"day":6,"utc":"16:06:00","flight":"B6468"}],"distance":1901.4875244407424}