{"id":58828,"type":"route","airline":"US","airlineid":"airline_5265","sourceairport":"CLT","destinationairport":"MKE","stops":0,"equipment":"CR7","schedule":[{"day":0,"utc":"19:27:00","flight":"US942"},{"day":0,"utc":"14:02:00","flight":"US292"},{"day":0,"utc":"19:55:00","flight":"US839"},{"day":0,"utc":"13:16:00","flight":"US324"},{"day":0,"utc":"19:30:00","flight":"US938"},{"day":1,"utc":"09:53:00","flight":"US674"},{"day":1,"utc":"05:52:00","flight":"US126"},{"day":1,"utc":"17:03:00","flight":"US625"},{"day":2,"utc":"01:12:00","flight":"US864"},{"day":2,"utc":"07:21:00","flight":"US514"},{"day":3,"utc":"23:34:00","flight":"US717"},{"day":3,"utc":"20:01:00","flight":"US847"},{"day":3,"utc":"04:28:00","flight":"US124"},{"day":3,"utc":"16:00:00","flight":"US819"},{"day":4,"utc":"01:24:00","flight":"US218"},{"day":4,"utc":"23:12:00","flight":"US896"},{"day":4,"utc":"16:06:00","flight":"US149"},{"day":4,"utc":"06:44:00","flight":"US453"},{"day":5,"utc":"06:44:00","flight":"US831"},{"day":5,"utc":"10:42:00","flight":"US073"},{"day":5,"utc":"20:25:00","flight":"US602"},{"day":5,"utc":"03:19:00","flight":"US080"},{"day":6,"utc":"16:39:00","flight":"US848"}],"distance":1047.7816282102133}