{"id":64494,"type":"route","airline":"WN","airlineid":"airline_4547","sourceairport":"STL","destinationairport":"GRR","stops":0,"equipment":"73C 73W","schedule":[{"day":0,"utc":"14:16:00","flight":"WN392"},{"day":1,"utc":"07:41:00","flight":"WN425"},{"day":1,"utc":"00:18:00","flight":"WN681"},{"day":2,"utc":"14:06:00","flight":"WN050"},{"day":2,"utc":"04:51:00","flight":"WN852"},{"day":2,"utc":"16:46:00","flight":"WN347"},{"day":3,"utc":"00:44:00","flight":"WN504"},{"day":3,"utc":"15:57:00","flight":"WN230"},{"day":4,"utc":"12:54:00","flight":"WN829"},{"day":5,"utc":"08:42:00","flight":"WN875"},{"day":5,"utc":"18:51:00","flight":"WN892"},{"day":5,"utc":"08:06:00","flight":"WN642"},{"day":5,"utc":"13:00:00","flight":"WN288"},{"day":6,"utc":"08:09:00","flight":"WN462"}],"distance":614.1964117376135}