{"id":21661,"type":"route","airline":"DL","airlineid":"airline_2009","sourceairport":"RIC","destinationairport":"DTW","stops":0,"equipment":"ERJ","schedule":[{"day":0,"utc":"19:16:00","flight":"DL541"},{"day":0,"utc":"14:56:00","flight":"DL541"},{"day":0,"utc":"19:22:00","flight":"DL128"},{"day":0,"utc":"01:46:00","flight":"DL995"},{"day":0,"utc":"01:54:00","flight":"DL186"},{"day":1,"utc":"08:24:00","flight":"DL561"},{"day":1,"utc":"06:20:00","flight":"DL501"},{"day":1,"utc":"22:16:00","flight":"DL320"},{"day":1,"utc":"20:12:00","flight":"DL601"},{"day":1,"utc":"05:16:00","flight":"DL171"},{"day":2,"utc":"22:36:00","flight":"DL506"},{"day":2,"utc":"02:29:00","flight":"DL377"},{"day":2,"utc":"19:25:00","flight":"DL675"},{"day":2,"utc":"11:48:00","flight":"DL412"},{"day":3,"utc":"13:35:00","flight":"DL973"},{"day":3,"utc":"23:52:00","flight":"DL230"},{"day":3,"utc":"08:50:00","flight":"DL611"},{"day":4,"utc":"07:10:00","flight":"DL514"},{"day":5,"utc":"01:56:00","flight":"DL436"},{"day":5,"utc":"08:12:00","flight":"DL980"},{"day":5,"utc":"22:17:00","flight":"DL435"},{"day":6,"utc":"05:58:00","flight":"DL144"}],"distance":733.9295375582705}