{"id":13495,"type":"route","airline":"AZ","airlineid":"airline_596","sourceairport":"LYS","destinationairport":"FCO","stops":0,"equipment":"CRK","schedule":[{"day":0,"utc":"07:32:00","flight":"AZ888"},{"day":0,"utc":"03:59:00","flight":"AZ773"},{"day":0,"utc":"06:01:00","flight":"AZ519"},{"day":0,"utc":"19:22:00","flight":"AZ970"},{"day":0,"utc":"14:41:00","flight":"AZ896"},{"day":1,"utc":"05:50:00","flight":"AZ871"},{"day":1,"utc":"12:14:00","flight":"AZ164"},{"day":1,"utc":"00:11:00","flight":"AZ705"},{"day":1,"utc":"11:28:00","flight":"AZ389"},{"day":2,"utc":"02:56:00","flight":"AZ329"},{"day":2,"utc":"21:34:00","flight":"AZ746"},{"day":2,"utc":"05:20:00","flight":"AZ577"},{"day":2,"utc":"23:29:00","flight":"AZ006"},{"day":2,"utc":"12:07:00","flight":"AZ622"},{"day":3,"utc":"08:09:00","flight":"AZ197"},{"day":3,"utc":"20:51:00","flight":"AZ342"},{"day":3,"utc":"01:03:00","flight":"AZ894"},{"day":3,"utc":"04:45:00","flight":"AZ518"},{"day":4,"utc":"17:22:00","flight":"AZ204"},{"day":5,"utc":"07:26:00","flight":"AZ258"},{"day":5,"utc":"08:04:00","flight":"AZ355"},{"day":5,"utc":"03:46:00","flight":"AZ102"},{"day":6,"utc":"10:56:00","flight":"AZ629"},{"day":6,"utc":"01:00:00","flight":"AZ725"},{"day":6,"utc":"14:43:00","flight":"AZ819"},{"day":6,"utc":"13:00:00","flight":"AZ596"}],"distance":721.160451604475}