{"id":59709,"type":"route","airline":"US","airlineid":"airline_5265","sourceairport":"MIA","destinationairport":"ELH","stops":0,"equipment":"ER4","schedule":[{"day":0,"utc":"08:57:00","flight":"US456"},{"day":0,"utc":"16:28:00","flight":"US996"},{"day":0,"utc":"07:49:00","flight":"US667"},{"day":0,"utc":"15:17:00","flight":"US384"},{"day":1,"utc":"19:14:00","flight":"US628"},{"day":1,"utc":"20:27:00","flight":"US138"},{"day":1,"utc":"04:10:00","flight":"US197"},{"day":1,"utc":"08:20:00","flight":"US066"},{"day":2,"utc":"19:24:00","flight":"US191"},{"day":3,"utc":"23:10:00","flight":"US813"},{"day":3,"utc":"02:57:00","flight":"US562"},{"day":3,"utc":"16:44:00","flight":"US792"},{"day":3,"utc":"04:10:00","flight":"US543"},{"day":3,"utc":"09:31:00","flight":"US098"},{"day":4,"utc":"09:13:00","flight":"US137"},{"day":4,"utc":"19:32:00","flight":"US560"},{"day":5,"utc":"20:57:00","flight":"US852"},{"day":6,"utc":"14:31:00","flight":"US514"},{"day":6,"utc":"17:38:00","flight":"US687"}],"distance":363.32774792931474}