{"id":58903,"type":"route","airline":"US","airlineid":"airline_5265","sourceairport":"CUN","destinationairport":"CLT","stops":0,"equipment":"321 320 734","schedule":[{"day":0,"utc":"01:58:00","flight":"US473"},{"day":0,"utc":"01:04:00","flight":"US503"},{"day":0,"utc":"06:10:00","flight":"US403"},{"day":0,"utc":"14:59:00","flight":"US747"},{"day":0,"utc":"08:39:00","flight":"US938"},{"day":1,"utc":"04:55:00","flight":"US279"},{"day":1,"utc":"02:55:00","flight":"US359"},{"day":1,"utc":"07:06:00","flight":"US466"},{"day":1,"utc":"10:38:00","flight":"US569"},{"day":2,"utc":"23:23:00","flight":"US858"},{"day":2,"utc":"08:46:00","flight":"US511"},{"day":3,"utc":"12:22:00","flight":"US548"},{"day":3,"utc":"09:12:00","flight":"US195"},{"day":4,"utc":"07:13:00","flight":"US276"},{"day":4,"utc":"04:00:00","flight":"US840"},{"day":4,"utc":"04:18:00","flight":"US137"},{"day":4,"utc":"00:16:00","flight":"US829"},{"day":5,"utc":"05:25:00","flight":"US668"},{"day":6,"utc":"07:56:00","flight":"US195"},{"day":6,"utc":"00:35:00","flight":"US225"},{"day":6,"utc":"23:51:00","flight":"US160"},{"day":6,"utc":"08:01:00","flight":"US787"},{"day":6,"utc":"03:49:00","flight":"US312"}],"distance":1679.4555099917343}