{"id":9425,"type":"route","airline":"AF","airlineid":"airline_137","sourceairport":"CFE","destinationairport":"ORY","stops":0,"equipment":"AT7 CRK","schedule":[{"day":0,"utc":"17:11:00","flight":"AF284"},{"day":1,"utc":"01:58:00","flight":"AF686"},{"day":1,"utc":"14:55:00","flight":"AF286"},{"day":1,"utc":"22:30:00","flight":"AF171"},{"day":1,"utc":"11:46:00","flight":"AF806"},{"day":1,"utc":"11:53:00","flight":"AF401"},{"day":2,"utc":"03:02:00","flight":"AF587"},{"day":2,"utc":"11:30:00","flight":"AF506"},{"day":2,"utc":"11:45:00","flight":"AF238"},{"day":3,"utc":"13:50:00","flight":"AF716"},{"day":3,"utc":"16:58:00","flight":"AF590"},{"day":4,"utc":"16:40:00","flight":"AF660"},{"day":4,"utc":"11:49:00","flight":"AF221"},{"day":4,"utc":"13:20:00","flight":"AF780"},{"day":4,"utc":"20:01:00","flight":"AF074"},{"day":4,"utc":"22:53:00","flight":"AF678"},{"day":5,"utc":"20:26:00","flight":"AF551"},{"day":5,"utc":"23:35:00","flight":"AF975"},{"day":5,"utc":"08:25:00","flight":"AF444"},{"day":6,"utc":"13:58:00","flight":"AF943"},{"day":6,"utc":"22:06:00","flight":"AF990"}],"distance":332.41902332468845}