{"id":14871,"type":"route","airline":"BA","airlineid":"airline_1355","sourceairport":"OTP","destinationairport":"LHR","stops":0,"equipment":"320","schedule":[{"day":0,"utc":"10:18:00","flight":"BA380"},{"day":0,"utc":"20:03:00","flight":"BA103"},{"day":0,"utc":"22:00:00","flight":"BA407"},{"day":0,"utc":"06:59:00","flight":"BA974"},{"day":1,"utc":"17:19:00","flight":"BA223"},{"day":1,"utc":"11:02:00","flight":"BA573"},{"day":1,"utc":"20:49:00","flight":"BA594"},{"day":1,"utc":"16:02:00","flight":"BA780"},{"day":2,"utc":"17:49:00","flight":"BA217"},{"day":2,"utc":"19:53:00","flight":"BA955"},{"day":3,"utc":"21:27:00","flight":"BA982"},{"day":3,"utc":"07:09:00","flight":"BA305"},{"day":4,"utc":"22:41:00","flight":"BA936"},{"day":5,"utc":"19:51:00","flight":"BA307"},{"day":5,"utc":"08:17:00","flight":"BA526"},{"day":6,"utc":"07:18:00","flight":"BA712"}],"distance":2105.011509668093}