{"id":32712,"type":"route","airline":"IB","airlineid":"airline_2822","sourceairport":"MAD","destinationairport":"LYS","stops":0,"equipment":"CRK","schedule":[{"day":0,"utc":"04:52:00","flight":"IB384"},{"day":1,"utc":"15:05:00","flight":"IB828"},{"day":1,"utc":"01:41:00","flight":"IB741"},{"day":2,"utc":"21:23:00","flight":"IB695"},{"day":2,"utc":"16:24:00","flight":"IB414"},{"day":2,"utc":"22:33:00","flight":"IB167"},{"day":2,"utc":"20:59:00","flight":"IB685"},{"day":2,"utc":"00:49:00","flight":"IB366"},{"day":3,"utc":"10:39:00","flight":"IB473"},{"day":4,"utc":"07:14:00","flight":"IB289"},{"day":4,"utc":"10:06:00","flight":"IB006"},{"day":5,"utc":"14:33:00","flight":"IB783"},{"day":6,"utc":"22:37:00","flight":"IB438"},{"day":6,"utc":"11:07:00","flight":"IB708"},{"day":6,"utc":"02:13:00","flight":"IB422"}],"distance":911.4858041250816}