{"id":13626,"type":"route","airline":"AZ","airlineid":"airline_596","sourceairport":"PRG","destinationairport":"CDG","stops":0,"equipment":"321 320 32A","schedule":[{"day":0,"utc":"11:44:00","flight":"AZ118"},{"day":1,"utc":"13:59:00","flight":"AZ381"},{"day":1,"utc":"12:12:00","flight":"AZ277"},{"day":1,"utc":"17:32:00","flight":"AZ505"},{"day":1,"utc":"16:40:00","flight":"AZ482"},{"day":1,"utc":"01:17:00","flight":"AZ811"},{"day":2,"utc":"18:06:00","flight":"AZ156"},{"day":3,"utc":"13:30:00","flight":"AZ701"},{"day":3,"utc":"22:34:00","flight":"AZ618"},{"day":3,"utc":"18:08:00","flight":"AZ426"},{"day":3,"utc":"22:08:00","flight":"AZ006"},{"day":3,"utc":"04:18:00","flight":"AZ145"},{"day":4,"utc":"22:38:00","flight":"AZ317"},{"day":4,"utc":"02:31:00","flight":"AZ013"},{"day":4,"utc":"07:57:00","flight":"AZ542"},{"day":4,"utc":"18:06:00","flight":"AZ001"},{"day":5,"utc":"16:41:00","flight":"AZ388"},{"day":5,"utc":"10:13:00","flight":"AZ114"},{"day":5,"utc":"11:40:00","flight":"AZ385"},{"day":5,"utc":"23:39:00","flight":"AZ090"},{"day":5,"utc":"07:02:00","flight":"AZ470"},{"day":6,"utc":"08:26:00","flight":"AZ589"},{"day":6,"utc":"12:22:00","flight":"AZ839"},{"day":6,"utc":"22:20:00","flight":"AZ623"},{"day":6,"utc":"22:58:00","flight":"AZ324"},{"day":6,"utc":"21:36:00","flight":"AZ826"}],"distance":852.3717058615096}