{"id":7984,"type":"route","airline":"AC","airlineid":"airline_330","sourceairport":"MSY","destinationairport":"DEN","stops":0,"equipment":"320 738 ERJ","schedule":[{"day":0,"utc":"12:18:00","flight":"AC465"},{"day":1,"utc":"18:26:00","flight":"AC607"},{"day":1,"utc":"06:32:00","flight":"AC689"},{"day":1,"utc":"11:20:00","flight":"AC274"},{"day":1,"utc":"01:06:00","flight":"AC514"},{"day":2,"utc":"00:09:00","flight":"AC032"},{"day":2,"utc":"08:28:00","flight":"AC150"},{"day":2,"utc":"19:15:00","flight":"AC907"},{"day":2,"utc":"06:46:00","flight":"AC813"},{"day":2,"utc":"00:36:00","flight":"AC388"},{"day":3,"utc":"01:34:00","flight":"AC271"},{"day":3,"utc":"06:11:00","flight":"AC565"},{"day":4,"utc":"05:44:00","flight":"AC533"},{"day":4,"utc":"00:27:00","flight":"AC593"},{"day":4,"utc":"06:39:00","flight":"AC348"},{"day":4,"utc":"23:51:00","flight":"AC018"},{"day":4,"utc":"07:15:00","flight":"AC154"},{"day":5,"utc":"03:18:00","flight":"AC912"},{"day":5,"utc":"20:52:00","flight":"AC492"},{"day":5,"utc":"12:24:00","flight":"AC224"},{"day":6,"utc":"16:39:00","flight":"AC480"},{"day":6,"utc":"01:23:00","flight":"AC080"},{"day":6,"utc":"14:23:00","flight":"AC623"},{"day":6,"utc":"02:49:00","flight":"AC622"}],"distance":1708.0943122555059}