{"id":25275,"type":"route","airline":"FL","airlineid":"airline_1316","sourceairport":"MDW","destinationairport":"MSY","stops":0,"equipment":"73W","schedule":[{"day":0,"utc":"11:49:00","flight":"FL297"},{"day":0,"utc":"05:02:00","flight":"FL802"},{"day":1,"utc":"15:43:00","flight":"FL403"},{"day":1,"utc":"03:34:00","flight":"FL972"},{"day":1,"utc":"09:40:00","flight":"FL825"},{"day":1,"utc":"02:32:00","flight":"FL975"},{"day":2,"utc":"23:54:00","flight":"FL713"},{"day":2,"utc":"21:22:00","flight":"FL644"},{"day":3,"utc":"17:09:00","flight":"FL766"},{"day":3,"utc":"09:54:00","flight":"FL962"},{"day":3,"utc":"12:32:00","flight":"FL245"},{"day":3,"utc":"10:21:00","flight":"FL143"},{"day":4,"utc":"01:30:00","flight":"FL648"},{"day":5,"utc":"03:22:00","flight":"FL843"},{"day":5,"utc":"12:01:00","flight":"FL929"},{"day":5,"utc":"01:20:00","flight":"FL674"},{"day":5,"utc":"02:12:00","flight":"FL156"},{"day":5,"utc":"22:07:00","flight":"FL614"},{"day":6,"utc":"15:52:00","flight":"FL814"},{"day":6,"utc":"04:51:00","flight":"FL015"},{"day":6,"utc":"16:36:00","flight":"FL477"},{"day":6,"utc":"17:52:00","flight":"FL564"}],"distance":1330.3851515692172}