{"id":13910,"type":"route","airline":"B6","airlineid":"airline_3029","sourceairport":"BDL","destinationairport":"TPA","stops":0,"equipment":"320","schedule":[{"day":0,"utc":"06:46:00","flight":"B6981"},{"day":0,"utc":"08:40:00","flight":"B6534"},{"day":0,"utc":"06:04:00","flight":"B6189"},{"day":0,"utc":"00:49:00","flight":"B6977"},{"day":1,"utc":"12:55:00","flight":"B6159"},{"day":2,"utc":"05:47:00","flight":"B6963"},{"day":2,"utc":"09:01:00","flight":"B6951"},{"day":2,"utc":"05:02:00","flight":"B6884"},{"day":2,"utc":"06:07:00","flight":"B6394"},{"day":2,"utc":"19:47:00","flight":"B6617"},{"day":3,"utc":"05:29:00","flight":"B6579"},{"day":4,"utc":"02:50:00","flight":"B6571"},{"day":4,"utc":"12:58:00","flight":"B6715"},{"day":5,"utc":"20:31:00","flight":"B6339"},{"day":5,"utc":"22:11:00","flight":"B6252"},{"day":5,"utc":"02:58:00","flight":"B6275"},{"day":5,"utc":"07:13:00","flight":"B6926"},{"day":6,"utc":"10:39:00","flight":"B6756"},{"day":6,"utc":"05:13:00","flight":"B6782"},{"day":6,"utc":"08:22:00","flight":"B6923"}],"distance":1790.5400264961947}