{"id":61676,"type":"route","airline":"VS","airlineid":"airline_5347","sourceairport":"ATL","destinationairport":"JAX","stops":0,"equipment":"757","schedule":[{"day":0,"utc":"10:21:00","flight":"VS037"},{"day":1,"utc":"02:39:00","flight":"VS164"},{"day":1,"utc":"18:08:00","flight":"VS422"},{"day":1,"utc":"18:12:00","flight":"VS937"},{"day":2,"utc":"08:44:00","flight":"VS321"},{"day":2,"utc":"16:53:00","flight":"VS659"},{"day":2,"utc":"06:50:00","flight":"VS339"},{"day":3,"utc":"12:29:00","flight":"VS862"},{"day":4,"utc":"03:04:00","flight":"VS846"},{"day":5,"utc":"01:28:00","flight":"VS935"},{"day":5,"utc":"11:36:00","flight":"VS620"},{"day":5,"utc":"11:17:00","flight":"VS341"},{"day":5,"utc":"06:08:00","flight":"VS929"},{"day":5,"utc":"13:34:00","flight":"VS475"},{"day":6,"utc":"16:04:00","flight":"VS199"},{"day":6,"utc":"01:14:00","flight":"VS665"}],"distance":434.4515437090217}