{"id":65437,"type":"route","airline":"XK","airlineid":"airline_1909","sourceairport":"ORY","destinationairport":"FSC","stops":0,"equipment":"320","schedule":[{"day":0,"utc":"19:38:00","flight":"XK880"},{"day":0,"utc":"06:40:00","flight":"XK641"},{"day":1,"utc":"14:51:00","flight":"XK637"},{"day":1,"utc":"13:25:00","flight":"XK431"},{"day":1,"utc":"21:27:00","flight":"XK900"},{"day":1,"utc":"03:27:00","flight":"XK064"},{"day":2,"utc":"01:13:00","flight":"XK079"},{"day":2,"utc":"16:49:00","flight":"XK471"},{"day":2,"utc":"09:57:00","flight":"XK958"},{"day":2,"utc":"09:03:00","flight":"XK047"},{"day":2,"utc":"03:50:00","flight":"XK752"},{"day":3,"utc":"02:48:00","flight":"XK228"},{"day":3,"utc":"08:50:00","flight":"XK737"},{"day":4,"utc":"03:26:00","flight":"XK642"},{"day":4,"utc":"05:10:00","flight":"XK376"},{"day":5,"utc":"12:51:00","flight":"XK144"},{"day":6,"utc":"08:12:00","flight":"XK512"}],"distance":960.8934690527979}