{"id":6179,"type":"route","airline":"AA","airlineid":"airline_24","sourceairport":"NRT","destinationairport":"BOS","stops":0,"equipment":"787","schedule":[{"day":0,"utc":"18:03:00","flight":"AA562"},{"day":0,"utc":"04:40:00","flight":"AA743"},{"day":0,"utc":"20:44:00","flight":"AA088"},{"day":1,"utc":"01:03:00","flight":"AA505"},{"day":1,"utc":"00:28:00","flight":"AA612"},{"day":2,"utc":"23:39:00","flight":"AA629"},{"day":2,"utc":"07:40:00","flight":"AA862"},{"day":2,"utc":"21:21:00","flight":"AA522"},{"day":2,"utc":"06:15:00","flight":"AA586"},{"day":2,"utc":"11:00:00","flight":"AA208"},{"day":3,"utc":"11:25:00","flight":"AA152"},{"day":3,"utc":"20:32:00","flight":"AA044"},{"day":4,"utc":"23:37:00","flight":"AA710"},{"day":4,"utc":"11:39:00","flight":"AA330"},{"day":4,"utc":"00:41:00","flight":"AA853"},{"day":4,"utc":"08:03:00","flight":"AA649"},{"day":4,"utc":"15:49:00","flight":"AA797"},{"day":5,"utc":"16:28:00","flight":"AA642"},{"day":5,"utc":"17:39:00","flight":"AA123"},{"day":5,"utc":"02:48:00","flight":"AA049"},{"day":6,"utc":"17:36:00","flight":"AA459"}],"distance":10760.76537248624}